"Sr.","Stock Name","Symbol","Links","% Chg","Price","Volume"
"790","Generic Engineering Construction & Projects Ltd","GENCON","P&F | F.A","19.97%","28.72","7,60,434"
"944","Dangee Dums Ltd","DANGEE","P&F | F.A","19.95%","4.99","16,67,646"
"881","Vaishali Pharma Ltd","VAISHALI","P&F | F.A","19.92%","12.58","22,34,071"
"13","BSE (Bombay stock exchange)","BSE","P&F | F.A","16.98%","5479.8","1,87,73,111"
"785","DRC Systems India Ltd","DRCSYSTEMS","P&F | F.A","15.87%","30","31,11,143"
"823","Rajshree Polypack Ltd","RPPL","P&F | F.A","14.26%","22.6","5,82,669"
"724","Medico Remedies Ltd","MEDICO","P&F | F.A","13.04%","51.57","42,09,225"
"40","Power Mech Projects Limited","POWERMECH","P&F | F.A","11.59%","2717.65","7,03,774"
"459","Veranda Learning Solutions Ltd","VERANDA","P&F | F.A","10.56%","211.47","7,57,242"
"860","Mangalam Global Enterprise Ltd","MGEL","P&F | F.A","10.11%","15.14","15,57,449"
"822","North Eastern Carrying Corporation Limited","NECCLTD","P&F | F.A","9.28%","22.72","10,41,344"
"736","Mbl Infrastructures Limited","MBLINFRA","P&F | F.A","9.15%","45.19","24,43,100"
"624","Vintage Coffee & Beverages Ltd","VINCOFE","P&F | F.A","8.3%","97.76","15,68,579"
"460","Hindware Home Innovation Ltd","HINDWAREAP","P&F | F.A","7.76%","209.49","12,72,605"
"673","Jindal Worldwide Limited","JINDWORLD","P&F | F.A","7.65%","71.37","91,09,297"
"876","Moksh Ornaments Ltd","MOKSH","P&F | F.A","7.59%","13.33","9,98,811"
"808","Udaipur Cement Works Ltd","UDAICEMENT","P&F | F.A","7.47%","25.9","28,67,006"
"277","Aster DM Healthcare Ltd","ASTERDM","P&F | F.A","6.65%","483.5","2,64,84,708"
"742","Shree Tirupati Balajee Agro Trading Co. Ltd","BALAJEE","P&F | F.A","6.44%","44.27","15,88,470"
"474","Bharat Wire Ropes Limited","BHARATWIRE","P&F | F.A","6.42%","192.45","4,24,944"
"430","Baazar Style Retail Ltd","STYLEBAAZA","P&F | F.A","5.93%","240.73","7,76,620"
"245","Sumitomo Chemical India Ltd","SUMICHEM","P&F | F.A","5.47%","559.35","12,73,067"
"136","Carborundum Universal Limited","CARBORUNIV","P&F | F.A","5.24%","1014.15","12,99,037"
"337","Epack Durable Ltd","EPACK","P&F | F.A","5%","368.75","15,31,467"
"957","Reliance Home Finance Ltd","RHFL","P&F | F.A","5%","3.36","17,04,377"
"779","Mcleod Russel India Limited","MCLEODRUSS","P&F | F.A","4.98%","33.75","1,88,172"
"923","Aksh Optifibre Limited","AKSHOPTFBR","P&F | F.A","4.94%","7.86","6,63,199"
"342","Zaggle Prepaid Ocean Services Ltd","ZAGGLE","P&F | F.A","4.79%","361.15","8,31,740"
"262","Nava Ltd","NAVA","P&F | F.A","4.72%","518.75","17,32,154"
"256","Transformers & Rectifiers India Ltd","TARIL","P&F | F.A","4.6%","536.2","12,44,396"
"938","Unitech Limited","UNITECH","P&F | F.A","4.6%","5.91","67,50,509"
"862","Pil Italica Lifestyle Limited","PILITA","P&F | F.A","4.45%","14.54","7,98,429"
"63","Aditya Birla Real Estate Ltd","ABREL","P&F | F.A","4.29%","1959.9","4,31,426"
"801","Msp Steel & Power Limited","MSPL","P&F | F.A","4.2%","27.31","18,85,848"
"589","Nitco Limited","NITCO","P&F | F.A","4.18%","119.12","16,27,897"
"984","Shree Ram Proteins Ltd","SRPL","P&F | F.A","4%","1.04","3,55,835"
"199","Fortis Healthcare Limited","FORTIS","P&F | F.A","3.95%","698.35","60,70,165"
"676","Mufin Green Finance Ltd","MUFIN","P&F | F.A","3.93%","70.01","3,12,473"
"464","Indraprastha Gas Limited","IGL","P&F | F.A","3.9%","203.12","68,62,377"
"988","GACM Technologies Ltd-DVR","GATECHDVR","P&F | F.A","3.7%","0.84","3,85,103"
"123","Suven Pharmaceuticals Ltd","SUVENPHAR","P&F | F.A","3.68%","1151","3,16,773"
"936","Gayatri Projects Limited","GAYAPROJ","P&F | F.A","3.66%","6.23","8,14,054"
"993","Shrenik Ltd","SHRENIK","P&F | F.A","3.64%","0.57","18,69,026"
"725","B. L. Kashyap And Sons Limited","BLKASHYAP","P&F | F.A","3.57%","51.29","9,44,898"
"992","GACM Technologies Ltd","GATECH","P&F | F.A","3.51%","0.59","24,64,729"
"354","Poonawalla Fincorp Ltd","POONAWALLA","P&F | F.A","3.5%","350.45","41,97,052"
"329","International Gemmological Institute (India) Ltd","IGIL","P&F | F.A","3.42%","385.2","25,38,897"
"939","Exxaro Tiles Ltd","EXXARO","P&F | F.A","3.38%","5.81","13,30,725"
"848","Avonmore Capital & Management Services Ltd","AVONMORE","P&F | F.A","3.34%","17.01","10,91,067"
"500","Capri Global Capital Limited","CGCL","P&F | F.A","3.22%","170.21","6,07,81,862"
"289","Hindustan Zinc Limited","HINDZINC","P&F | F.A","3.13%","461.9","56,76,960"
"513","Inox Wind Limited","INOXWIND","P&F | F.A","2.95%","163.04","2,20,80,515"
"271","Choice International Ltd","CHOICEIN","P&F | F.A","2.94%","501.85","4,91,011"
"141","TATA Consumer Products Ltd","TATACONSUM","P&F | F.A","2.91%","1001.9","23,13,101"
"282","Akums Drugs & Pharmaceuticals Ltd","AKUMS","P&F | F.A","2.81%","473.2","3,45,942"
"536","Mold-tek Technologies Limited","MOLDTECH","P&F | F.A","2.81%","148.72","4,19,969"
"221","Krishna Institute of Medical Sciences Ltd","KIMS","P&F | F.A","2.75%","639.6","9,06,433"
"250","Healthcare Global Enterprises Limited","HCG","P&F | F.A","2.73%","542.1","3,64,586"
"114","Central Depository Services Ltd","CDSL","P&F | F.A","2.72%","1220.05","1,16,46,090"
"446","Piramal Pharma Ltd","PPLPHARMA","P&F | F.A","2.72%","224.75","46,94,328"
"113","Kaveri Seed Company Limited","KSCL","P&F | F.A","2.66%","1263.15","2,62,757"
"573","JTEKT India Ltd","JTEKTINDIA","P&F | F.A","2.65%","124.72","3,35,717"
"293","Cyient DLM Ltd","CYIENTDLM","P&F | F.A","2.62%","457.65","16,72,783"
"489","FSN E-Commerce Ventures Ltd","NYKAA","P&F | F.A","2.6%","179.08","53,47,936"
"32","Beml Limited","BEML","P&F | F.A","2.52%","3219.55","22,98,536"
"94","Voltas Limited","VOLTAS","P&F | F.A","2.48%","1458.7","21,04,275"
"248","Balrampur Chini Mills Limited","BALRAMCHIN","P&F | F.A","2.2%","547.5","6,70,593"
"687","Imagicaaworld Entertainment Ltd","IMAGICAA","P&F | F.A","2.16%","66.11","16,35,226"
"210","Strides Shasun Limited","STAR","P&F | F.A","2.14%","669.2","4,01,360"
"158","Finolex Cables Limited","FINCABLES","P&F | F.A","2.07%","913.35","6,37,302"
"240","Indegene Ltd","INDGN","P&F | F.A","2.06%","578.5","5,21,638"
"518","Spml Infra Limited","SPMLINFRA","P&F | F.A","2.06%","158.78","3,39,939"
"169","Tata Chemicals Limited","TATACHEM","P&F | F.A","2.02%","864.9","16,43,302"
"520","City Union Bank Limited","CUB","P&F | F.A","2.02%","157.18","28,75,838"
"56","Kotak Mahindra Bank Limited","KOTAKBANK","P&F | F.A","2%","2171.2","36,72,253"
"863","Consolidated Construction Consortium Limited","CCCL","P&F | F.A","1.99%","14.34","1,19,278"
"21","Britannia Industries Limited","BRITANNIA","P&F | F.A","1.98%","4936.9","4,15,586"
"404","Vst Industries Limited","VSTIND","P&F | F.A","1.98%","263.25","5,99,156"
"767","VL E-Governance & IT Solutions Ltd","VLEGOV","P&F | F.A","1.98%","35.98","10,71,649"
"945","Bhandari Hosiery Exports Ltd","BHANDARI","P&F | F.A","1.95%","4.71","8,49,998"
"855","Indowind Energy Limited","INDOWIND","P&F | F.A","1.93%","16.4","4,78,209"
"50","Muthoot Finance Limited","MUTHOOTFIN","P&F | F.A","1.92%","2382.9","9,72,236"
"994","Future Enterprises Limited","FEL","P&F | F.A","1.92%","0.53","2,85,423"
"9","Apollo Hospitals Enterprise Limited","APOLLOHOSP","P&F | F.A","1.91%","6616.2","4,13,873"
"275","Afcons Infrastructure Ltd","AFCONS","P&F | F.A","1.89%","487","7,39,039"
"656","Niva Bupa Health Insurance Company Ltd","NIVABUPA","P&F | F.A","1.85%","78.08","17,57,580"
"197","Zensar Technologies Limited","ZENSARTECH","P&F | F.A","1.83%","700.85","23,21,370"
"298","Rategain Travel Technologies Ltd","RATEGAIN","P&F | F.A","1.82%","445","4,94,281"
"299","Sandur Manganese & Iron Ores Ltd","SANDUMA","P&F | F.A","1.82%","440.05","1,73,798"
"611","Paradeep Phosphates Ltd","PARADEEP","P&F | F.A","1.77%","103.42","30,11,352"
"625","Nippon India Silver ETF","SILVERBEES","P&F | F.A","1.77%","97.6","81,37,584"
"555","Ratnaveer Precision Engineering Ltd","RATNAVEER","P&F | F.A","1.75%","136.43","3,25,652"
"423","Oil & Natural Gas Corporation Limited","ONGC","P&F | F.A","1.74%","246.38","3,29,05,564"
"468","Kcp Limited","KCP","P&F | F.A","1.74%","201.27","3,57,022"
"516","Engineers India Limited","ENGINERSIN","P&F | F.A","1.74%","160.58","71,67,901"
"69","Cholamandalam Financial Holdings Ltd","CHOLAHLDNG","P&F | F.A","1.73%","1751.45","2,19,084"
"601","Avantel Ltd","AVANTEL","P&F | F.A","1.72%","113.26","14,04,287"
"101","Rainbow Childrens Medicare Ltd","RAINBOW","P&F | F.A","1.68%","1401.7","3,36,304"
"828","Almondz Global Securities Limited","ALMONDZ","P&F | F.A","1.67%","21.91","7,01,238"
"213","AWFIS Space Solutions Ltd","AWFIS","P&F | F.A","1.65%","662.6","1,36,269"
"735","The Ugar Sugar Works Limited","UGARSUGAR","P&F | F.A","1.65%","45.52","5,76,532"
"901","Tata Silver Exchange Traded Fund","TATSILV","P&F | F.A","1.64%","9.89","14,21,332"
"618","ICICI Prudential Silver ETF","SILVERIETF","P&F | F.A","1.6%","101.27","10,80,187"
"161","The Ramco Cements Limited","RAMCOCEM","P&F | F.A","1.59%","896.75","11,59,977"
"185","Anupam Rasayan India Ltd","ANURAS","P&F | F.A","1.59%","759.4","91,204"
"571","Union Bank Of India","UNIONBANK","P&F | F.A","1.59%","126.18","1,41,57,702"
"34","Cummins India Limited","CUMMINSIND","P&F | F.A","1.58%","3051.85","4,44,898"
"974","Debock Industries Ltd","DIL","P&F | F.A","1.56%","1.95","12,69,993"
"674","Motilal Oswal Nifty India Defence ETF","MODEFENCE","P&F | F.A","1.54%","71","9,33,985"
"39","Timken India Limited","TIMKEN","P&F | F.A","1.52%","2750.65","9,08,978"
"283","HBL Engineering Ltd","HBLENGINE","P&F | F.A","1.51%","472.5","21,68,441"
"470","ITC Hotels Ltd","ITCHOTELS","P&F | F.A","1.49%","197.51","1,39,58,181"
"487","Gulshan Polyols Limited","GULPOLY","P&F | F.A","1.49%","180.05","2,06,181"
"92","Zen Technologies Limited","ZENTEC","P&F | F.A","1.47%","1478.55","5,84,108"
"264","Sarda Energy & Minerals Limited","SARDAEN","P&F | F.A","1.45%","513.9","11,77,876"
"502","Tourism Finance Corporation Of India Limited","TFCILTD","P&F | F.A","1.45%","169.84","21,33,490"
"880","SBC Exports Ltd","SBC","P&F | F.A","1.45%","12.59","70,80,804"
"103","Mahanagar Gas Limited","MGL","P&F | F.A","1.43%","1386.95","3,95,767"
"789","Bannari Amman Spinning Mills Limited","BASML","P&F | F.A","1.41%","29.39","4,17,534"
"87","Glenmark Pharmaceuticals Limited","GLENMARK","P&F | F.A","1.39%","1541.05","7,86,315"
"67","Patanjali Foods Ltd","PATANJALI","P&F | F.A","1.38%","1808.4","11,23,986"
"410","Reliance Infrastructure Limited","RELINFRA","P&F | F.A","1.38%","258.64","68,81,450"
"989","Excel Realty N Infra Limited","EXCEL","P&F | F.A","1.37%","0.74","18,94,963"
"191","Indian Railway Catering & Tourism Corporation Ltd","IRCTC","P&F | F.A","1.32%","727.5","17,61,132"
"517","Prakash Industries Limited","PRAKASH","P&F | F.A","1.31%","159.1","6,62,158"
"817","Centrum Capital Ltd","CENTRUM","P&F | F.A","1.3%","23.35","7,25,370"
"122","Godrej Consumer Products Limited","GODREJCP","P&F | F.A","1.28%","1159.25","14,94,348"
"514","Vishnu Prakash R Punglia Ltd","VPRPL","P&F | F.A","1.27%","162.85","14,14,484"
"16","Multi Commodity Exchange Of India Limited","MCX","P&F | F.A","1.26%","5311.75","8,11,402"
"155","The Great Eastern Shipping Company Limited","GESHIP","P&F | F.A","1.26%","931.65","6,52,583"
"281","Taj Gvk Hotels & Resorts Limited","TAJGVK","P&F | F.A","1.23%","477.8","3,16,345"
"439","Campus Activewear Ltd","CAMPUS","P&F | F.A","1.23%","230.55","19,56,233"
"164","SBI Cards & Payment Services Ltd","SBICARD","P&F | F.A","1.22%","881.1","20,95,957"
"163","Pnb Housing Finance Limited","PNBHOUSING","P&F | F.A","1.21%","881.5","18,06,791"
"641","Yatra Online Ltd","YATRA","P&F | F.A","1.16%","85.48","7,20,962"
"455","Bharat Heavy Electricals Limited","BHEL","P&F | F.A","1.15%","216.43","2,06,77,777"
"597","Steel Authority Of India Limited","SAIL","P&F | F.A","1.14%","115.18","2,35,56,805"
"771","Coastal Corporation Ltd","COASTCORP","P&F | F.A","1.14%","35.44","3,42,486"
"332","L T Foods Ltd","LTFOODS","P&F | F.A","1.13%","381","10,72,820"
"645","Nhpc Limited","NHPC","P&F | F.A","1.13%","82.2","7,23,67,264"
"7","Amber Enterprises India Ltd","AMBER","P&F | F.A","1.12%","7210.85","5,11,573"
"73","Narayana Hrudayalaya Ltd.","NH","P&F | F.A","1.11%","1692.05","4,02,440"
"97","Wockhardt Limited","WOCKPHARMA","P&F | F.A","1.08%","1424.4","3,76,528"
"680","Jagran Prakashan Limited","JAGRAN","P&F | F.A","1.04%","68.95","5,88,919"
"714","UTI Bank ETF","UTIBANKETF","P&F | F.A","1.04%","53.29","73,30,544"
"157","Avanti Feeds Limited","AVANTIFEED","P&F | F.A","1.02%","913.65","6,12,957"
"310","General Insurance Corporation of India","GICRE","P&F | F.A","1.02%","421.1","4,99,764"
"847","Jyoti Structures Limited","JYOTISTRUC","P&F | F.A","1.01%","17.06","1,55,92,239"
"660","HDFC Gold ETF","HDFCGOLD","P&F | F.A","1%","76.92","15,41,839"
"668","Kotak Gold ETF","GOLD1","P&F | F.A","1%","74.94","9,92,465"
"985","Antarctica Limited","ANTGRAPHIC","P&F | F.A","1%","1.01","3,42,594"
"225","Chambal Fertilizers & Chemicals Limited","CHAMBLFERT","P&F | F.A","0.99%","625.5","22,78,165"
"339","Latent View Analytics Ltd","LATENTVIEW","P&F | F.A","0.99%","367.55","5,08,100"
"27","Computer Age Management Services Ltd","CAMS","P&F | F.A","0.96%","3723.35","6,94,228"
"390","IRM Energy Ltd","IRMENERGY","P&F | F.A","0.94%","278.9","2,55,788"
"400","Man Industries (india) Limited","MANINDS","P&F | F.A","0.94%","266.61","7,78,413"
"444","Fino Payments Bank Ltd","FINOPB","P&F | F.A","0.94%","227.89","2,34,814"
"192","Syngene International Limited","SYNGENE","P&F | F.A","0.92%","726.2","5,47,825"
"636","Mirae Asset Gold ETF","GOLDETF","P&F | F.A","0.92%","87.36","2,04,136"
"916","Tata Gold Exchange Traded Fund","TATAGOLD","P&F | F.A","0.92%","8.74","53,44,474"
"411","Adani Wilmar Ltd","AWL","P&F | F.A","0.91%","258.32","28,78,108"
"88","Havells India Limited","HAVELLS","P&F | F.A","0.89%","1528.9","7,51,781"
"617","NACL Industries Ltd","NACLIND","P&F | F.A","0.89%","101.78","6,11,202"
"104","Icici Bank Limited","ICICIBANK","P&F | F.A","0.88%","1348.35","82,66,544"
"206","Tata Motors Limited","TATAMOTORS","P&F | F.A","0.88%","674.45","1,60,13,687"
"476","Allied Digital Services Limited","ADSL","P&F | F.A","0.88%","188.65","6,64,809"
"318","Jana Small Finance Bank Ltd","JSFB","P&F | F.A","0.87%","407.05","3,02,578"
"392","Bharat Petroleum Corporation Limited","BPCL","P&F | F.A","0.87%","278.47","1,26,87,883"
"119","Bharat Forge Limited","BHARATFORG","P&F | F.A","0.86%","1169.15","21,64,434"
"414","Delhivery Ltd","DELHIVERY","P&F | F.A","0.86%","255.1","33,13,968"
"866","Zerodha Gold ETF","GOLDCASE","P&F | F.A","0.86%","14.14","23,29,480"
"844","Genus Paper & Boards Limited","GENUSPAPER","P&F | F.A","0.84%","19.19","4,72,408"
"763","Filatex India Limited","FILATEX","P&F | F.A","0.83%","37.73","25,08,300"
"482","Gail (india) Limited","GAIL","P&F | F.A","0.82%","183.04","2,28,71,476"
"372","Jk Paper Limited","JKPAPER","P&F | F.A","0.81%","312.35","6,78,897"
"871","Navkar Urbanstructure Ltd","NAVKARURB","P&F | F.A","0.81%","13.74","4,31,417"
"93","Bharti Hexacom Ltd","BHARTIHEXA","P&F | F.A","0.8%","1463.8","4,51,014"
"659","Idbi Bank Limited","IDBI","P&F | F.A","0.78%","77.7","73,11,133"
"757","Oricon Enterprises Limited","ORICONENT","P&F | F.A","0.78%","39.94","4,40,852"
"445","Jio Financial Services Ltd","JIOFIN","P&F | F.A","0.77%","227.51","3,03,56,334"
"907","Baid Finserv Ltd","BAIDFIN","P&F | F.A","0.77%","9.19","3,48,780"
"979","Rollatainers Limited","ROLLT","P&F | F.A","0.76%","1.33","51,280"
"661","SBI Gold ETS","SETFGOLD","P&F | F.A","0.75%","76.65","16,46,403"
"638","DSP Gold ETF","GOLDETFADD","P&F | F.A","0.73%","87.13","11,47,582"
"183","Sai Life Sciences Ltd","SAILIFE","P&F | F.A","0.7%","760.85","6,14,236"
"355","Ideaforge Technology Ltd","IDEAFORGE","P&F | F.A","0.7%","346.25","5,43,798"
"739","Lloyds Enterprises Ltd","LLOYDSENT","P&F | F.A","0.7%","44.51","13,28,998"
"296","Dr Agarwals Health Care Ltd","AGARWALEYE","P&F | F.A","0.69%","445.85","3,18,735"
"443","Knr Constructions Limited","KNRCON","P&F | F.A","0.68%","228.13","35,81,774"
"527","Cesc Limited","CESC","P&F | F.A","0.64%","153.86","54,47,572"
"54","Hindustan Unilever Limited","HINDUNILVR","P&F | F.A","0.63%","2258.85","22,80,152"
"252","Varun Beverages Limited","VBL","P&F | F.A","0.62%","539.65","50,75,723"
"933","Prakash Steelage Limited","PRAKASHSTL","P&F | F.A","0.62%","6.48","4,79,930"
"976","Mittal Life Style Ltd","MITTAL","P&F | F.A","0.62%","1.63","29,28,044"
"133","Raymond Lifestyle Ltd","RAYMONDLSL","P&F | F.A","0.6%","1046.65","2,13,129"
"214","Bikaji Foods International Ltd","BIKAJI","P&F | F.A","0.6%","661","3,35,334"
"62","Coromandel International Limited","COROMANDEL","P&F | F.A","0.59%","1982.1","6,20,411"
"202","HDFC Life Insurance Company Ltd","HDFCLIFE","P&F | F.A","0.56%","685.7","31,16,601"
"211","Schneider Electric Infrastructure Limited","SCHNEIDER","P&F | F.A","0.56%","668.35","2,73,247"
"244","Triveni Turbine Limited","TRITURBINE","P&F | F.A","0.56%","563.6","21,53,573"
"307","Yatharth Hospital & Trauma Care Services Ltd","YATHARTH","P&F | F.A","0.56%","424.7","3,31,244"
"669","Axis Gold ETF","AXISGOLD","P&F | F.A","0.55%","74.69","2,69,469"
"360","Orient Cement Limited","ORIENTCEM","P&F | F.A","0.52%","339.95","4,47,110"
"872","Atal Realtech Ltd","ATALREAL","P&F | F.A","0.51%","13.69","9,65,284"
"71","Bharti Airtel Limited","BHARTIARTL","P&F | F.A","0.5%","1733.4","41,33,264"
"138","Vijaya Diagnostic Centre Ltd","VIJAYA","P&F | F.A","0.5%","1007.2","2,16,017"
"346","Ashapura Minechem Limited","ASHAPURMIN","P&F | F.A","0.5%","359.2","1,64,385"
"663","ICICI Prudential Gold ETF","GOLDIETF","P&F | F.A","0.5%","76.54","27,47,371"
"681","Nmdc Limited","NMDC","P&F | F.A","0.5%","68.89","2,01,24,046"
"827","Parsvnath Developers Limited","PARSVNATH","P&F | F.A","0.5%","21.96","2,66,292"
"670","Nippon India ETF Gold Bees","GOLDBEES","P&F | F.A","0.49%","74.16","2,84,72,465"
"314","Gujarat Gas Limited","GUJGASLTD","P&F | F.A","0.48%","412.35","5,73,340"
"79","Jb Chemicals & Pharmaceuticals Limited","JBCHEPHARM","P&F | F.A","0.46%","1623.2","2,21,794"
"628","DSP Nifty Top 10 Equal Weight ETF","TOP10ADD","P&F | F.A","0.46%","94.11","4,12,363"
"859","Motilal Oswal Nifty Smallcap 250 ETF","MOSMALL250","P&F | F.A","0.46%","15.2","17,06,159"
"25","Avenue Supermarts","DMART","P&F | F.A","0.45%","4083.2","8,86,798"
"60","Lupin Limited","LUPIN","P&F | F.A","0.45%","2027.95","8,28,442"
"236","Emami Limited","EMAMILTD","P&F | F.A","0.45%","579.9","6,14,799"
"461","Ncc Limited","NCC","P&F | F.A","0.45%","209.48","64,10,609"
"858","Pritika Auto Industries Ltd","PRITIKAUTO","P&F | F.A","0.45%","15.63","7,47,736"
"146","Whirlpool Of India Limited","WHIRLPOOL","P&F | F.A","0.44%","989.9","3,63,653"
"189","Aarti Pharmalabs Ltd","AARTIPHARM","P&F | F.A","0.44%","749.25","3,89,376"
"837","Virinchi Ltd","VIRINCHI","P&F | F.A","0.44%","20.78","8,13,005"
"309","PCBL Ltd","PCBL","P&F | F.A","0.43%","423.35","10,10,057"
"743","Mirae AN Midsmallcap400 Momentum Quality 100 ETF","MIDSMALL","P&F | F.A","0.43%","44.23","1,70,496"
"485","Kitex Garments Limited","KITEX","P&F | F.A","0.42%","180.14","3,77,722"
"750","Sagility India Ltd","SAGILITY","P&F | F.A","0.42%","42.91","68,31,275"
"246","Itd Cementation India Limited","ITDCEM","P&F | F.A","0.41%","557.3","4,41,417"
"765","Vascon Engineers Limited","VASCONEQ","P&F | F.A","0.41%","37","15,41,020"
"24","Hindustan Aeronautics Ltd","HAL","P&F | F.A","0.4%","4177.45","32,95,702"
"216","Marico Limited","MARICO","P&F | F.A","0.4%","651.65","10,75,086"
"55","Nestle India Limited","NESTLEIND","P&F | F.A","0.39%","2250.75","7,16,151"
"315","Td Power Systems Limited","TDPOWERSYS","P&F | F.A","0.39%","410.5","5,69,668"
"708","ICICI Prudential FMCG ETF","FMCGIETF","P&F | F.A","0.39%","56.47","11,89,400"
"794","Prozone Realty Ltd","PROZONER","P&F | F.A","0.39%","28.3","2,54,979"
"799","Nippon India ETF Nifty 8-13 yr G-Sec LongTerm Gilt","LTGILTBEES","P&F | F.A","0.36%","28.08","47,33,025"
"290","CMS Info Systems Ltd","CMSINFO","P&F | F.A","0.35%","461.45","2,89,117"
"807","HDFC Nifty Private Bank ETF","HDFCPVTBAN","P&F | F.A","0.35%","26.12","2,15,858"
"813","Mirae Asset Nifty Financial Services ETF - RG","BFSI","P&F | F.A","0.35%","25.72","2,70,905"
"960","Shah Metacorp Ltd","SHAH","P&F | F.A","0.35%","2.87","11,67,662"
"320","Coal India Limited","COALINDIA","P&F | F.A","0.34%","398.2","69,23,988"
"36","Kei Industries Limited","KEI","P&F | F.A","0.33%","2892.85","7,22,128"
"127","Axis Bank Limited","AXISBANK","P&F | F.A","0.33%","1102","49,21,190"
"131","Jsw Steel Limited","JSWSTEEL","P&F | F.A","0.33%","1063.2","16,74,204"
"306","Aadhar Housing Finance Ltd","AADHARHFC","P&F | F.A","0.32%","424.85","10,71,741"
"831","Motilal Oswal Nifty 500 ETF","MONIFTY500","P&F | F.A","0.32%","21.74","2,39,210"
"904","Zerodha Nifty Midcap 150 ETF","MID150CASE","P&F | F.A","0.32%","9.51","10,29,482"
"186","Avalon Technologies Ltd","AVALON","P&F | F.A","0.3%","757.55","3,80,347"
"567","Kirloskar Electric Company Limited","KECL","P&F | F.A","0.3%","128.61","4,72,613"
"870","T T Limited","TTL","P&F | F.A","0.29%","13.76","1,01,545"
"796","Db (international) Stock Brokers Limited","DBSTOCKBRO","P&F | F.A","0.28%","28.24","7,97,291"
"38","Tube Investments of India Ltd","TIINDIA","P&F | F.A","0.27%","2769.35","1,71,678"
"435","Religare Enterprises Limited","RELIGARE","P&F | F.A","0.27%","234.99","9,58,935"
"627","Jm Financial Limited","JMFINANCIL","P&F | F.A","0.27%","96.09","31,16,225"
"698","Nippon India ETF 5 Year Gilt","GILT5YBEES","P&F | F.A","0.25%","60.29","1,99,585"
"809","ICICI Prudential Nifty Private Bank ETF","PVTBANIETF","P&F | F.A","0.23%","25.89","19,22,095"
"344","Hindustan Petroleum Corporation Limited","HINDPETRO","P&F | F.A","0.22%","360.35","53,48,515"
"377","Bharat Electronics Limited","BEL","P&F | F.A","0.22%","301.32","2,08,50,848"
"395","Krbl Limited","KRBL","P&F | F.A","0.22%","274.6","3,63,419"
"421","Ge Power India Limited","GEPIL","P&F | F.A","0.22%","249.76","3,00,125"
"223","CG Power and Industrial Solutions Ltd","CGPOWER","P&F | F.A","0.21%","638.5","27,05,597"
"778","Paisalo Digital Ltd","PAISALO","P&F | F.A","0.21%","34.04","40,75,095"
"903","Aditya Birla Sun Life Nifty PSE ETF","ABSLPSE","P&F | F.A","0.21%","9.53","3,91,634"
"253","Minda Corporation Limited","MINDACORP","P&F | F.A","0.2%","539.3","3,66,643"
"441","DCX Systems Ltd","DCXINDIA","P&F | F.A","0.2%","229.19","9,08,995"
"70","Sun Pharmaceuticals Industries Limited","SUNPHARMA","P&F | F.A","0.19%","1734.7","19,56,781"
"86","SBI Life Insurance Company Ltd","SBILIFE","P&F | F.A","0.19%","1547.85","11,20,169"
"44","Balkrishna Industries Limited","BALKRISIND","P&F | F.A","0.18%","2554.8","2,37,119"
"327","Oil India Limited","OIL","P&F | F.A","0.18%","386.75","30,59,820"
"58","Godrej Properties Limited","GODREJPROP","P&F | F.A","0.16%","2129.6","4,40,627"
"66","Hdfc Bank Limited","HDFCBANK","P&F | F.A","0.16%","1828.2","1,43,86,824"
"419","Juniper Hotels Ltd","JUNIPER","P&F | F.A","0.14%","250.5","2,65,144"
"754","Mirae Asset Nifty Smallcap 250 Momen.Quali. 100ETF","SMALLCAP","P&F | F.A","0.14%","42.13","13,90,578"
"830","Lancor Holdings Ltd","LANCORHOL","P&F | F.A","0.14%","21.75","6,59,032"
"429","Thirumalai Chemicals Limited","TIRUMALCHM","P&F | F.A","0.13%","242.43","7,41,632"
"436","Kansai Nerolac Paints Limited","KANSAINER","P&F | F.A","0.13%","232.9","4,51,330"
"260","SBI ETF Nifty Bank","SETFNIFBK","P&F | F.A","0.12%","525.46","5,28,657"
"512","Ptc India Limited","PTC","P&F | F.A","0.12%","163.61","15,19,074"
"11","Abb India Limited","ABB","P&F | F.A","0.11%","5546.25","4,20,034"
"51","Asian Paints Limited","ASIANPAINT","P&F | F.A","0.11%","2340.65","12,81,871"
"343","Exide Industries Limited","EXIDEIND","P&F | F.A","0.11%","360.45","34,74,942"
"730","Motilal Oswal Nifty 500 Momentum 50 ETF","MOMENTUM50","P&F | F.A","0.11%","47.53","6,97,546"
"74","Data Patterns (India) Ltd","DATAPATTNS","P&F | F.A","0.1%","1689.95","6,17,604"
"130","DSP S&P BSE Liquid Rate ETF","LIQUIDADD","P&F | F.A","0.09%","1065.24","14,75,286"
"135","Bajaj Finserv Nifty 1D Rate Liquid ETF","LIQUIDBETF","P&F | F.A","0.09%","1023.57","9,39,120"
"481","Balmer Lawrie & Company Limited","BALMLAWRIE","P&F | F.A","0.09%","184.6","5,97,716"
"61","Bajaj Finserv Limited","BAJAJFINSV","P&F | F.A","0.08%","2007.35","19,07,116"
"604","Zerodha Nifty 1D Rate Liquid ETF","LIQUIDCASE","P&F | F.A","0.08%","107.83","1,42,92,495"
"316","Itc Limited","ITC","P&F | F.A","0.07%","409.75","1,29,81,873"
"259","Nippon India ETF Bank Bees","BANKBEES","P&F | F.A","0.06%","528.99","12,29,790"
"574","Indian Railway Finance Corporation Ltd","IRFC","P&F | F.A","0.06%","124.42","2,24,00,674"
"719","ICICI Prudential Nifty Bank ETF","BANKIETF","P&F | F.A","0.06%","52.5","51,50,576"
"836","Rushil Decor Limited","RUSHIL","P&F | F.A","0.05%","21.04","17,67,025"
"14","Eicher Motors Limited","EICHERMOT","P&F | F.A","0.04%","5347.7","2,86,609"
"462","Karur Vysya Bank Limited","KARURVYSYA","P&F | F.A","0.04%","209.24","18,73,603"
"554","Jai Balaji Industries Limited","JAIBALAJI","P&F | F.A","0.04%","137.9","6,52,041"
"586","Dhampur Sugar Mills Limited","DHAMPURSUG","P&F | F.A","0.04%","119.76","4,42,138"
"124","Max Financial Services Limited","MFSL","P&F | F.A","0.03%","1147.7","4,62,831"
"301","Chemplast Sanmar Ltd","CHEMPLASTS","P&F | F.A","0.03%","435.05","3,79,930"
"608","Kellton Tech Solutions Limited","KELLTONTEC","P&F | F.A","0.03%","107.02","8,39,151"
"5","Coforge (Niit Tech)","COFORGE","P&F | F.A","0.02%","8109.2","5,03,633"
"749","Reliance Power Limited","RPOWER","P&F | F.A","0.02%","42.98","8,49,43,588"
"120","Olectra Greentech Ltd","OLECTRA","P&F | F.A","0%","1167.5","7,58,271"
"142","Nippon India ETF Liquid BeES","LIQUIDBEES","P&F | F.A","0%","1000","38,96,815"
"143","Mirae Asset Nifty 1D Rate Liquid ETF","LIQUID","P&F | F.A","0%","999.99","4,46,549"
"144","ICICI Prudential S&P BSE Liquid Rate ETF","LIQUIDIETF","P&F | F.A","0%","999.99","7,31,638"
"412","Aditya Birla Fashion And Retail Limited","ABFRL","P&F | F.A","0%","256.27","25,04,284"
"899","Axita Cotton Ltd","AXITA","P&F | F.A","0%","10","23,48,276"
"913","Nila Infrastructures Limited","NILAINFRA","P&F | F.A","0%","8.97","12,43,918"
"963","Vikas Lifecare Ltd","VIKASLIFE","P&F | F.A","0%","2.68","1,35,23,120"
"973","Sundaram Multi Pap Limited","SUNDARAM","P&F | F.A","0%","1.99","14,74,556"
"319","Bls International Services Limited","BLS","P&F | F.A","-0.01%","398.65","20,75,489"
"107","Astral Poly Technik Limited","ASTRAL","P&F | F.A","-0.02%","1294.25","5,71,535"
"109","Bharat Dynamics Ltd","BDL","P&F | F.A","-0.02%","1281.4","12,28,015"
"484","Gujarat Industries Power Company Limited","GIPCL","P&F | F.A","-0.02%","180.41","5,61,994"
"688","ICICI Prudential Nifty Next 50 ETF","NEXT50IETF","P&F | F.A","-0.02%","65.96","18,67,597"
"190","Supriya Lifescience Ltd","SUPRIYA","P&F | F.A","-0.03%","734.15","1,80,922"
"437","Manappuram Finance Limited","MANAPPURAM","P&F | F.A","-0.03%","232.75","70,40,336"
"406","NIFTYIETF","NIFTYIETF","P&F | F.A","-0.04%","262.3","6,46,575"
"394","The India Cements Limited","INDIACEM","P&F | F.A","-0.05%","277","4,01,362"
"840","ICICI Prudential Nifty Midcap 150 ETF","MIDCAPIETF","P&F | F.A","-0.05%","19.6","6,88,987"
"235","Jindal Stainless Limited","JSL","P&F | F.A","-0.06%","581.6","12,56,369"
"108","Lloyds Metals & Energy Ltd","LLOYDSME","P&F | F.A","-0.07%","1287.25","4,00,297"
"68","ICICI Lombard General Insurance Company Ltd","ICICIGI","P&F | F.A","-0.08%","1792.85","7,91,304"
"170","Shyam Metalics & Energy Ltd","SHYAMMETL","P&F | F.A","-0.08%","853.3","6,75,770"
"480","Aditya Birla Capital Ltd","ABCAPITAL","P&F | F.A","-0.08%","185.07","29,19,014"
"488","Finolex Industries Limited","FINPIPE","P&F | F.A","-0.08%","179.93","12,66,755"
"193","Five-Star Business Finance Ltd","FIVESTAR","P&F | F.A","-0.09%","723.95","3,30,036"
"895","ICICI Prudential Nifty Oil & Gas ETF","OILIETF","P&F | F.A","-0.09%","10.63","22,31,886"
"166","Adani Energy Solutions Ltd","ADANIENSOL","P&F | F.A","-0.1%","872","37,27,492"
"182","State Bank Of India","SBIN","P&F | F.A","-0.1%","771.5","76,28,185"
"655","Omaxe Limited","OMAXE","P&F | F.A","-0.1%","78.2","3,00,106"
"148","Shakti Pumps (india) Limited","SHAKTIPUMP","P&F | F.A","-0.11%","980.6","4,13,173"
"207","Astra Microwave Products Limited","ASTRAMICRO","P&F | F.A","-0.11%","672.35","2,29,414"
"914","Il&fs Investment Managers Limited","IVC","P&F | F.A","-0.11%","8.9","3,53,627"
"682","Arihant Capital Markets Ltd","ARIHANTCAP","P&F | F.A","-0.12%","68.55","3,41,925"
"363","Repco Home Finance Limited","REPCOHOME","P&F | F.A","-0.13%","335.1","2,93,277"
"471","Nippon India ETF Nifty Midcap 150","MID150BEES","P&F | F.A","-0.14%","197.3","5,11,707"
"867","ICICI Prudential NV20 ETF","NV20IETF","P&F | F.A","-0.14%","14.13","5,65,393"
"59","AAVAS Financiers Ltd","AAVAS","P&F | F.A","-0.15%","2084.05","3,26,482"
"399","Sula Vineyards Ltd","SULA","P&F | F.A","-0.15%","269.35","7,13,839"
"529","HDFC Nifty Small Cap 250 ETF","HDFCSML250","P&F | F.A","-0.15%","152.07","7,62,438"
"588","Gpt Infraprojects Limited","GPTINFRA","P&F | F.A","-0.15%","119.46","5,22,720"
"31","Torrent Pharmaceuticals Limited","TORNTPHARM","P&F | F.A","-0.16%","3227.95","2,71,746"
"265","Saregama India Limited","SAREGAMA","P&F | F.A","-0.16%","511.65","2,25,454"
"711","Motilal Oswal Midcap 100 ETF","MOM100","P&F | F.A","-0.16%","55.53","7,69,225"
"49","Colgate Palmolive (india) Limited","COLPAL","P&F | F.A","-0.19%","2389.8","7,13,552"
"381","Petronet Lng Limited","PETRONET","P&F | F.A","-0.19%","293.6","19,58,190"
"894","Angel One Nifty Total Market ETF","AONETOTAL","P&F | F.A","-0.19%","10.74","2,11,594"
"266","MSTC Ltd","MSTCLTD","P&F | F.A","-0.2%","509.9","3,29,989"
"405","NIFTYBEES","NIFTYBEES","P&F | F.A","-0.2%","263.21","86,41,606"
"776","Kcp Sugar And Industries Corporation Limited","KCPSUGIND","P&F | F.A","-0.2%","34.3","1,79,747"
"422","SBI ETF Nifty 50","SETFNIF50","P&F | F.A","-0.21%","248.81","4,65,331"
"53","Angel One Ltd","ANGELONE","P&F | F.A","-0.22%","2313.2","11,20,190"
"174","Life Insurance Corporation of India","LICI","P&F | F.A","-0.22%","799.4","17,86,482"
"802","Aditya Birla Sun Life Nifty 50 ETF","BSLNIFTY","P&F | F.A","-0.22%","27.08","1,86,829"
"909","Mirae Asset Nifty Metal ETF","METAL","P&F | F.A","-0.22%","9.1","2,89,867"
"350","Crompton Greaves Consumer Electricals Limited","CROMPTON","P&F | F.A","-0.23%","353.95","16,94,266"
"413","DDev Plastiks Industries Ltd","DDEVPLSTIK","P&F | F.A","-0.23%","255.85","1,90,995"
"639","CPSE ETF*","CPSEETF","P&F | F.A","-0.23%","87.07","20,91,302"
"718","HDFC Nifty Banking ETF","HDFCNIFBAN","P&F | F.A","-0.23%","52.57","3,21,311"
"20","Interglobe Aviation Limited","INDIGO","P&F | F.A","-0.24%","5115.35","9,51,945"
"111","Reliance Industries Limited","RELIANCE","P&F | F.A","-0.24%","1275.1","1,81,47,129"
"168","Welspun Corp Limited","WELCORP","P&F | F.A","-0.24%","869.8","5,70,447"
"596","Equinox India Developments Ltd","EMBDL","P&F | F.A","-0.24%","115.86","79,83,722"
"951","Rajnandini Metal Ltd","RAJMET","P&F | F.A","-0.24%","4.13","20,28,782"
"35","Srf Limited","SRF","P&F | F.A","-0.25%","2939.15","2,99,741"
"609","Bharat 22 ETF","ICICIB22","P&F | F.A","-0.25%","104.37","3,17,859"
"258","BANKNIFTY1","BANKNIFTY1","P&F | F.A","-0.26%","530.72","4,97,179"
"403","Gujarat Mineral Development Corporation Limited","GMDCLTD","P&F | F.A","-0.26%","265.22","12,22,874"
"428","Redington (india) Limited","REDINGTON","P&F | F.A","-0.26%","242.95","24,52,078"
"433","Dam Capital Advisors Ltd","DAMCAPITAL","P&F | F.A","-0.26%","235.08","17,12,233"
"30","Larsen & Toubro Limited","LT","P&F | F.A","-0.27%","3492.3","13,48,143"
"811","ICICI Prudential Nifty Alpha Low Volatility 30 ETF","ALPL30IETF","P&F | F.A","-0.27%","25.76","30,28,932"
"891","Hardwyn India Ltd","HARDWYN","P&F | F.A","-0.27%","11.26","4,76,497"
"665","GMR Airports Ltd","GMRAIRPORT","P&F | F.A","-0.28%","75.73","2,97,33,998"
"43","Grasim Industries Limited","GRASIM","P&F | F.A","-0.29%","2611.15","4,35,022"
"626","Punjab National Bank","PNB","P&F | F.A","-0.29%","96.13","2,17,12,434"
"900","Zerodha Nifty 100 ETF","TOP100CASE","P&F | F.A","-0.3%","9.93","4,72,509"
"272","Berger Paints (i) Limited","BERGEPAINT","P&F | F.A","-0.31%","500.2","5,87,958"
"418","NIFTYETF","NIFTYETF","P&F | F.A","-0.31%","251.59","1,79,149"
"121","Aurobindo Pharma Limited","AUROPHARMA","P&F | F.A","-0.32%","1160.5","6,91,447"
"420","Sterling & Wilson Renewable Energy Ltd","SWSOLAR","P&F | F.A","-0.32%","250.35","40,68,161"
"774","Groww Nifty India Railways PSU ETF","GROWWRAIL","P&F | F.A","-0.32%","34.47","3,30,458"
"366","Jyothy Laboratories Limited","JYOTHYLAB","P&F | F.A","-0.33%","328.7","4,16,607"
"431","Tilaknagar Industries Limited","TI","P&F | F.A","-0.33%","236.75","7,31,161"
"78","Oberoi Realty Limited","OBEROIRLTY","P&F | F.A","-0.34%","1637.4","5,54,131"
"425","Nlc India Limited","NLCINDIA","P&F | F.A","-0.34%","244.67","17,93,666"
"672","Geojit Financial Services","GEOJITFSL","P&F | F.A","-0.35%","71.65","8,30,229"
"469","Housing and Urban Development Corporation","HUDCO","P&F | F.A","-0.36%","199.45","87,26,435"
"593","Nippon India ETF Nifty India Consumption","CONSUMBEES","P&F | F.A","-0.36%","118.16","1,58,159"
"89","Apl Apollo Tubes Limited","APLAPOLLO","P&F | F.A","-0.38%","1525.25","6,03,546"
"177","The Indian Hotels Company Limited","INDHOTEL","P&F | F.A","-0.38%","787.55","33,91,846"
"285","Kalyan Jewellers India Ltd","KALYANKJIL","P&F | F.A","-0.38%","467.25","53,18,930"
"557","Welspun Living Ltd","WELSPUNLIV","P&F | F.A","-0.38%","135.12","23,53,742"
"505","Northern ARC Capital Ltd","NORTHARC","P&F | F.A","-0.39%","167.52","7,50,560"
"838","ICICI Prudential Nifty 100 Low Volatility 30 ETF","LOWVOLIETF","P&F | F.A","-0.39%","20.54","87,32,681"
"98","Tech Mahindra Limited","TECHM","P&F | F.A","-0.4%","1418.25","16,42,693"
"160","Jindal Steel & Power Limited","JINDALSTEL","P&F | F.A","-0.41%","912.3","15,50,743"
"777","TransIndia Real Estate Ltd","TREL","P&F | F.A","-0.41%","34.17","4,48,447"
"885","HLV Ltd","HLVLTD","P&F | F.A","-0.41%","12.02","18,36,348"
"132","Jyoti CNC Automation Ltd","JYOTICNC","P&F | F.A","-0.43%","1058.55","3,30,468"
"697","Rico Auto Industries Limited","RICOAUTO","P&F | F.A","-0.45%","60.37","9,01,654"
"704","Motilal Oswal Nifty 200 Momentum 30 ETF","MOMOMENTUM","P&F | F.A","-0.45%","57.21","4,68,474"
"8","Info Edge (india) Limited","NAUKRI","P&F | F.A","-0.46%","7181.4","4,77,210"
"305","Apollo Tyres Limited","APOLLOTYRE","P&F | F.A","-0.46%","426.05","14,45,931"
"348","Star Health & Allied Insurance Company Ltd","STARHEALTH","P&F | F.A","-0.46%","356.65","14,63,820"
"605","Global Surfaces Ltd","GSLSU","P&F | F.A","-0.46%","107.81","1,68,262"
"533","Devyani International Ltd","DEVYANI","P&F | F.A","-0.47%","149.14","13,46,577"
"934","Sarveshwar Foods Ltd","SARVESHWAR","P&F | F.A","-0.47%","6.35","32,24,513"
"102","United Spirits Ltd","UNITDSPR","P&F | F.A","-0.48%","1401.3","9,59,532"
"162","Zydus Lifesciences Ltd","ZYDUSLIFE","P&F | F.A","-0.49%","886.4","12,44,840"
"559","Thomas Cook  (india)  Limited","THOMASCOOK","P&F | F.A","-0.49%","134.71","12,72,100"
"886","Hcl Infosystems Limited","HCL-INSYS","P&F | F.A","-0.5%","11.99","4,46,729"
"690","Spencers Retail Ltd","SPENCERS","P&F | F.A","-0.51%","64.17","3,45,694"
"385","Go Digit General Insurance Ltd","GODIGIT","P&F | F.A","-0.52%","289.3","4,06,200"
"610","Vishal Mega Mart Ltd","VMM","P&F | F.A","-0.52%","104.24","1,29,82,147"
"843","HDFC Nifty Midcap 150 ETF","HDFCMID150","P&F | F.A","-0.52%","19.24","4,00,387"
"954","Davangere Sugar Company Ltd","DAVANGERE","P&F | F.A","-0.52%","3.8","1,13,13,317"
"233","Ajax Engineering Ltd","AJAXENGG","P&F | F.A","-0.53%","593.8","1,65,650"
"824","Allcargo Terminals Ltd","ATL","P&F | F.A","-0.53%","22.36","11,30,402"
"294","Pricol Ltd.","PRICOLLTD","P&F | F.A","-0.55%","451.45","3,50,336"
"795","HDFC Nifty 200 Momentum 30 ETF","HDFCMOMENT","P&F | F.A","-0.56%","28.26","4,40,139"
"147","Piramal Enterprises Limited","PEL","P&F | F.A","-0.57%","987.85","4,93,462"
"695","Iol Chemicals And Pharmaceuticals Limited","IOLCP","P&F | F.A","-0.57%","61.15","15,68,413"
"651","Pnb Gilts Limited","PNBGILTS","P&F | F.A","-0.59%","80.49","5,07,135"
"677","Nippon India ETF PSU Bank Bees","PSUBNKBEES","P&F | F.A","-0.59%","69.44","19,00,140"
"792","ICICI Prudential Nifty 200 Momentum 30 ETF","MOM30IETF","P&F | F.A","-0.59%","28.54","17,86,970"
"887","Orient Green Power Company Limited","GREENPOWER","P&F | F.A","-0.59%","11.75","95,59,464"
"37","Pidilite Industries Limited","PIDILITIND","P&F | F.A","-0.6%","2849.3","2,40,291"
"75","Garden Reach Shipbuilders & Engineers Ltd","GRSE","P&F | F.A","-0.6%","1685.7","8,07,872"
"707","Suzlon Energy Limited","SUZLON","P&F | F.A","-0.61%","56.66","4,33,76,048"
"878","Hathway Cable & Datacom Limited","HATHWAY","P&F | F.A","-0.61%","13","51,85,239"
"208","Nippon India ETF Junior BeES","JUNIORBEES","P&F | F.A","-0.62%","672.08","4,09,090"
"694","Meghmani Organics Ltd","MOL","P&F | F.A","-0.62%","61.39","15,80,017"
"825","Mirae Asset Nifty 200 Alpha 30 ETF","ALPHAETF","P&F | F.A","-0.62%","22.33","15,74,027"
"921","Gtl Limited","GTL","P&F | F.A","-0.62%","8.08","6,99,187"
"606","Bank Of India","BANKINDIA","P&F | F.A","-0.63%","107.12","99,18,716"
"599","GMR Power & Urban Infra Ltd","GMRP&UI","P&F | F.A","-0.64%","114.33","22,25,832"
"781","Mukka Proteins Ltd","MUKKA","P&F | F.A","-0.64%","32.66","7,50,829"
"4","Bajaj Finance Limited","BAJFINANCE","P&F | F.A","-0.65%","8945.6","9,77,099"
"278","Heg Limited","HEG","P&F | F.A","-0.65%","482.85","16,21,799"
"336","Jupiter Wagons Ltd","JWL","P&F | F.A","-0.65%","369.25","35,45,855"
"515","Indian Renewable Energy Development Agency Ltd","IREDA","P&F | F.A","-0.66%","160.59","1,74,84,881"
"187","Godrej Agrovet Ltd","GODREJAGRO","P&F | F.A","-0.67%","753.7","2,66,432"
"632","Jai Corp Limited","JAICORPLTD","P&F | F.A","-0.67%","89.85","10,10,566"
"833","Nippon India NIFTY Pharma ETF Growth Plan","PHARMABEES","P&F | F.A","-0.69%","21.53","24,56,985"
"230","Laurus Labs Limited","LAURUSLABS","P&F | F.A","-0.7%","613.4","15,28,487"
"564","Motherson Sumi Systems Limited","MOTHERSON","P&F | F.A","-0.72%","130.96","1,91,46,167"
"570","Tamil Nadu Newsprint & Papers Limited","TNPL","P&F | F.A","-0.72%","126.29","8,58,997"
"637","Sanstar Ltd","SANSTAR","P&F | F.A","-0.72%","87.36","6,73,019"
"17","Siemens Limited","SIEMENS","P&F | F.A","-0.73%","5275.35","7,05,476"
"634","Canara Bank","CANBK","P&F | F.A","-0.73%","89","3,01,88,247"
"238","Gujarat Alkalies And Chemicals Limited","GUJALKALI","P&F | F.A","-0.74%","579.2","78,123"
"524","Indo Farm Equipment Ltd","INDOFARM","P&F | F.A","-0.74%","154.82","1,95,700"
"448","Marksans Pharma Limited","MARKSANS","P&F | F.A","-0.75%","222.47","7,53,113"
"497","Nocil Limited","NOCIL","P&F | F.A","-0.75%","175.01","4,98,991"
"526","Tata Steel Limited","TATASTEEL","P&F | F.A","-0.76%","154.24","2,45,89,315"
"548","Le Travenues Technology Ltd","IXIGO","P&F | F.A","-0.76%","141.6","10,68,052"
"90","Cholamandalam Investment And Finance Company Limited","CHOLAFIN","P&F | F.A","-0.77%","1519.95","9,75,450"
"842","Mirae Asset Nifty Midcap 150 ETF","MIDCAPETF","P&F | F.A","-0.77%","19.26","13,37,113"
"926","Steel Exchange India Ltd","STEELXIND","P&F | F.A","-0.77%","7.71","43,08,620"
"3","Ultratech Cement Limited","ULTRACEMCO","P&F | F.A","-0.78%","11509.55","2,80,960"
"547","Oriental Hotels Limited","ORIENTHOT","P&F | F.A","-0.78%","142.97","2,44,108"
"33","Titan Company Limited","TITAN","P&F | F.A","-0.79%","3063.35","7,78,417"
"352","Rail Vikas Nigam Ltd","RVNL","P&F | F.A","-0.79%","351.85","71,34,693"
"391","Updater Services Ltd","UDS","P&F | F.A","-0.8%","278.55","2,35,819"
"775","Ujjivan Small Finance Bank Ltd","UJJIVANSFB","P&F | F.A","-0.81%","34.41","1,82,90,731"
"856","ICICI Prudential S&P BSE Midcap Select ETF","MIDSELIETF","P&F | F.A","-0.81%","16","2,26,591"
"917","Vardhman Polytex Limited","VARDMNPOLY","P&F | F.A","-0.81%","8.61","14,99,289"
"254","Ambuja Cements Limited","AMBUJACEM","P&F | F.A","-0.82%","538.35","15,57,007"
"276","Granules India Limited","GRANULES","P&F | F.A","-0.83%","486.35","4,63,886"
"373","Nuvoco Vistas Corporation Ltd","NUVOCO","P&F | F.A","-0.84%","307.8","3,47,805"
"150","Kalpataru Projects International Ltd","KPIL","P&F | F.A","-0.85%","974.5","5,21,419"
"347","Ntpc Limited","NTPC","P&F | F.A","-0.85%","357.6","1,13,27,077"
"756","Sonam Ltd","SONAMLTD","P&F | F.A","-0.85%","40.79","3,69,618"
"815","ESAF Small Finance Bank Ltd","ESAFSFB","P&F | F.A","-0.85%","24.59","22,72,986"
"386","Kamat Hotels (i) Limited","KAMATHOTEL","P&F | F.A","-0.86%","287.1","4,38,825"
"583","Servotech Power Systems Ltd","SERVOTECH","P&F | F.A","-0.86%","122.46","6,16,990"
"630","Sjvn Limited","SJVN","P&F | F.A","-0.86%","91.59","1,17,24,143"
"804","Groww Nifty EV & New Age Automotive ETF","GROWWEV","P&F | F.A","-0.86%","26.66","3,84,733"
"650","Sat Industries Ltd","SATINDLTD","P&F | F.A","-0.87%","80.65","8,58,808"
"910","ICICI Prudential Nifty Metal ETF","METALIETF","P&F | F.A","-0.87%","9.08","18,98,032"
"587","Mirae Asset NYSE FANG+ ETF","MAFANG","P&F | F.A","-0.88%","119.49","5,73,584"
"181","Ramkrishna Forgings Limited","RKFORGE","P&F | F.A","-0.9%","773.3","3,75,090"
"297","Laxmi Dental Ltd","LAXMIDENTL","P&F | F.A","-0.92%","445.15","4,96,978"
"600","Suven Life Sciences Limited","SUVEN","P&F | F.A","-0.93%","113.67","3,97,332"
"772","Sigachi Industries Ltd","SIGACHI","P&F | F.A","-0.93%","35.19","15,62,576"
"786","Jayaswal Neco Industries Limited","JAYNECOIND","P&F | F.A","-0.93%","29.94","5,25,173"
"398","Jindal Saw Limited","JINDALSAW","P&F | F.A","-0.94%","270.09","9,07,197"
"226","Kiri Industries Limited","KIRIINDUS","P&F | F.A","-0.95%","623.3","10,34,104"
"780","NMDC Steel Ltd","NSLNISP","P&F | F.A","-0.95%","33.36","82,00,823"
"369","JSW Infrastructure Ltd","JSWINFRA","P&F | F.A","-0.96%","319.8","16,10,890"
"534","BLS E-Services Ltd","BLSE","P&F | F.A","-0.96%","149.06","3,00,062"
"304","Rural Electrification Corporation Limited","RECLTD","P&F | F.A","-0.97%","429.2","47,44,923"
"243","Lic Housing Finance Limited","LICHSGFIN","P&F | F.A","-0.99%","563.85","9,95,411"
"582","Apollo Micro Systems Ltd","APOLLO","P&F | F.A","-0.99%","122.72","87,07,808"
"646","Nbcc (india) Limited","NBCC","P&F | F.A","-0.99%","81.89","1,35,60,542"
"733","Bank Of Maharashtra","MAHABANK","P&F | F.A","-1%","46.34","1,08,23,721"
"741","Kotak Nifty Alpha 50 ETF","ALPHA","P&F | F.A","-1%","44.35","23,83,797"
"768","BCL Industries Ltd","BCLIND","P&F | F.A","-1%","35.74","17,63,879"
"91","Torrent Power Limited","TORNTPOWER","P&F | F.A","-1.01%","1486.85","4,61,042"
"519","Bajaj Consumer Care Ltd","BAJAJCON","P&F | F.A","-1.01%","157.25","5,39,379"
"83","Tata Communications Limited","TATACOMM","P&F | F.A","-1.03%","1578.2","4,44,943"
"496","Kopran Limited","KOPRAN","P&F | F.A","-1.03%","175.22","2,10,174"
"508","Shipping Corporation Of India Limited","SCI","P&F | F.A","-1.03%","165.28","55,74,161"
"594","Bliss Gvs Pharma Limited","BLISSGVS","P&F | F.A","-1.03%","117.78","3,76,475"
"77","The Phoenix Mills Limited","PHOENIXLTD","P&F | F.A","-1.05%","1643.3","4,79,237"
"205","Tata Technologies Ltd","TATATECH","P&F | F.A","-1.06%","679.9","21,85,464"
"442","Bank Of Baroda","BANKBARODA","P&F | F.A","-1.06%","228.53","1,22,75,939"
"286","Ion Exchange (India) Ltd","IONEXCHANG","P&F | F.A","-1.07%","467.15","3,48,388"
"370","Quality Power Electrical Equipments Ltd","QPOWER","P&F | F.A","-1.07%","318.5","1,36,448"
"263","Archean Chemical Industries Ltd","ACI","P&F | F.A","-1.08%","517.9","8,26,021"
"483","Motilal Oswal NASDAQ 100 ETF","MON100","P&F | F.A","-1.08%","181.45","8,02,957"
"746","Asian Granito India Limited","ASIANTILES","P&F | F.A","-1.08%","43.13","22,12,160"
"64","Acc Limited","ACC","P&F | F.A","-1.09%","1942.65","5,55,880"
"134","KFin Technologies Ltd","KFINTECH","P&F | F.A","-1.1%","1029.6","5,26,816"
"45","Mphasis Limited","MPHASIS","P&F | F.A","-1.11%","2500.2","3,90,216"
"357","Biocon Limited","BIOCON","P&F | F.A","-1.11%","341.7","23,40,187"
"875","Patel Integrated Logistics Limited","PATINTLOG","P&F | F.A","-1.11%","13.36","4,77,587"
"46","Mankind Pharma Ltd","MANKIND","P&F | F.A","-1.12%","2424.75","4,79,815"
"154","Premier Energies Ltd","PREMIERENE","P&F | F.A","-1.12%","937.95","10,75,416"
"486","Godawari Power And Ispat Limited","GPIL","P&F | F.A","-1.12%","180.12","14,83,626"
"156","Pg Electroplast Limited","PGEL","P&F | F.A","-1.13%","916.6","17,18,645"
"635","SBFC Finance Ltd","SBFC","P&F | F.A","-1.13%","88.24","7,76,633"
"456","Star Cement Ltd","STARCEMENT","P&F | F.A","-1.14%","215.02","3,50,089"
"118","Adani Ports And Special Economic Zone Limited","ADANIPORTS","P&F | F.A","-1.15%","1182.95","16,70,913"
"204","Dlf Limited","DLF","P&F | F.A","-1.16%","680.5","27,97,361"
"361","Usha Martin Limited","USHAMART","P&F | F.A","-1.16%","337.35","2,64,868"
"362","Premier Explosives Limited","PREMEXPLN","P&F | F.A","-1.16%","336.65","4,81,895"
"22","Kaynes Technology India Ltd","KAYNES","P&F | F.A","-1.17%","4747.35","3,88,015"
"152","Adani Green Energy Ltd","ADANIGREEN","P&F | F.A","-1.17%","948.65","40,83,088"
"576","Renaissance Global Ltd","RGL","P&F | F.A","-1.17%","123.56","2,85,785"
"542","Bandhan Bank Ltd","BANDHANBNK","P&F | F.A","-1.18%","146.28","91,99,096"
"734","Shipping Corporation of India Land & Assets Ltd","SCILAL","P&F | F.A","-1.18%","46.23","14,22,918"
"450","Hindustan Copper Limited","HINDCOPPER","P&F | F.A","-1.19%","220.79","1,03,75,701"
"6","Bajaj Auto Limited","BAJAJ-AUTO","P&F | F.A","-1.2%","7878.85","3,92,400"
"99","Cochin Shipyard","COCHINSHIP","P&F | F.A","-1.2%","1407.9","10,19,725"
"323","Aarti Industries Limited","AARTIIND","P&F | F.A","-1.2%","390.75","14,88,982"
"222","Balu Forge Industries Ltd","BALUFORGE","P&F | F.A","-1.21%","639.5","7,16,064"
"364","Indus Towers Ltd (Bharti Infratel)","INDUSTOWER","P&F | F.A","-1.21%","334.3","58,74,129"
"678","Tamilnadu Petroproducts Limited","TNPETRO","P&F | F.A","-1.21%","69.18","3,10,690"
"95","Va Tech Wabag Limited","WABAG","P&F | F.A","-1.22%","1454.65","3,58,406"
"829","Pvp Ventures Limited","PVP","P&F | F.A","-1.22%","21.85","4,69,963"
"890","Dpsc Limited","DPSCLTD","P&F | F.A","-1.22%","11.32","4,46,293"
"29","Tata Consultancy Services Limited","TCS","P&F | F.A","-1.23%","3606.15","20,51,919"
"308","Himadri Speciality Chemical Limited","HSCL","P&F | F.A","-1.23%","424.35","5,91,009"
"832","ICICI Prudential Nifty Auto ETF","AUTOIETF","P&F | F.A","-1.23%","21.71","19,28,306"
"112","Cyient Limited","CYIENT","P&F | F.A","-1.24%","1264.9","3,60,331"
"269","Dabur India Limited","DABUR","P&F | F.A","-1.24%","506.5","17,59,182"
"857","Sindhu Trade Links Ltd","SINDHUTRAD","P&F | F.A","-1.24%","15.99","12,65,911"
"195","KSB Ltd","KSB","P&F | F.A","-1.25%","713.8","4,05,062"
"140","Techno Electric & Engineering Company Ltd","TECHNOE","P&F | F.A","-1.26%","1003.2","2,02,816"
"201","Container Corporation Of India Limited","CONCOR","P&F | F.A","-1.26%","691.6","17,91,691"
"689","Akme Fintrade (India) Ltd","AFIL","P&F | F.A","-1.26%","65.19","3,33,910"
"575","Hemisphere Properties India Ltd","HEMIPROP","P&F | F.A","-1.27%","123.72","15,65,622"
"48","Waaree Energies Ltd","WAAREEENER","P&F | F.A","-1.28%","2404.65","8,49,165"
"28","Hero Motocorp Limited","HEROMOTOCO","P&F | F.A","-1.3%","3722.95","5,09,889"
"345","Black Box Ltd","BBOX","P&F | F.A","-1.3%","360.25","2,05,028"
"438","Honasa Consumer Ltd","HONASA","P&F | F.A","-1.3%","231.86","7,44,684"
"19","Polycab India Ltd","POLYCAB","P&F | F.A","-1.32%","5147.95","4,49,930"
"291","Sona BLW Precision Forgings Ltd","SONACOMS","P&F | F.A","-1.32%","461.2","27,07,951"
"762","Mirae Asset Nifty IT ETF","ITETF","P&F | F.A","-1.32%","38.01","3,01,258"
"220","Fertilizers And Chemicals Travancore Limited","FACT","P&F | F.A","-1.33%","639.6","8,35,138"
"558","Rain Industries Limited","RAIN","P&F | F.A","-1.33%","134.8","12,21,754"
"738","Snowman Logistics Limited","SNOWMAN","P&F | F.A","-1.34%","44.76","9,20,804"
"145","Newgen Software Technologies Ltd","NEWGEN","P&F | F.A","-1.35%","996.3","2,75,100"
"530","Arkade Developers Ltd","ARKADE","P&F | F.A","-1.36%","151.11","6,70,565"
"379","Aptus Value Housing Finance India Ltd","APTUS","P&F | F.A","-1.37%","294.75","2,98,763"
"563","Sai Silks (Kalamandir) Ltd","KALAMANDIR","P&F | F.A","-1.37%","131.74","3,08,670"
"805","Mirae Asset Nifty EV and New Age Automotive ETF","EVINDIA","P&F | F.A","-1.37%","26.54","5,17,380"
"705","Visaka Industries Limited","VISAKAIND","P&F | F.A","-1.38%","57.09","4,85,719"
"949","Sadbhav Infrastructure Project Limited","SADBHIN","P&F | F.A","-1.4%","4.22","3,30,934"
"506","Pakka Ltd","PAKKA","P&F | F.A","-1.41%","166.84","3,75,100"
"544","Redtape Ltd","REDTAPE","P&F | F.A","-1.41%","145.96","2,91,115"
"578","Som Distilleries & Breweries Limited","SDBL","P&F | F.A","-1.41%","123.18","6,89,796"
"977","Gtl Infrastructure Limited","GTLINFRA","P&F | F.A","-1.41%","1.4","5,90,77,394"
"167","KRN Heat Exchanger and Refrigeration Ltd","KRN","P&F | F.A","-1.43%","871.7","11,12,363"
"313","Hpl Electric & Power Limited","HPL","P&F | F.A","-1.43%","412.95","1,91,354"
"268","RHI Magnesita India Ltd","RHIM","P&F | F.A","-1.44%","507.3","65,62,851"
"26","HDFC Asset Management Company Ltd","HDFCAMC","P&F | F.A","-1.46%","4013.9","2,62,465"
"47","Tvs Motor Company Limited","TVSMOTOR","P&F | F.A","-1.46%","2419.85","5,82,409"
"729","Morepen Laboratories Limited","MOREPENLAB","P&F | F.A","-1.46%","47.84","51,22,336"
"906","Rama Steel Tubes Limited","RAMASTEEL","P&F | F.A","-1.47%","9.38","1,01,77,830"
"115","TBO Tek Ltd","TBOTEK","P&F | F.A","-1.48%","1205.6","2,94,006"
"565","Sequent Scientific Limited","SEQUENT","P&F | F.A","-1.48%","130.82","7,44,993"
"657","Dcw Limited","DCW","P&F | F.A","-1.48%","77.79","13,63,015"
"691","Cupid Limited","CUPID","P&F | F.A","-1.48%","62.63","24,37,686"
"493","Indian Energy Exchange Ltd","IEX","P&F | F.A","-1.5%","175.77","44,14,614"
"528","L&T Finance Ltd","LTF","P&F | F.A","-1.5%","153.22","28,59,660"
"535","Man Infraconstruction Limited","MANINFRA","P&F | F.A","-1.5%","148.73","6,87,836"
"198","Hexaware Technologies Ltd","HEXT","P&F | F.A","-1.51%","700.75","4,78,671"
"228","Motilal Oswal Financial Services Limited","MOTILALOFS","P&F | F.A","-1.51%","615.35","21,96,511"
"897","Mirae Asset Nifty India New Age Consumption ETF","CONSUMER","P&F | F.A","-1.51%","10.43","80,506"
"925","Bodhi Tree Multimedia Ltd","BTML","P&F | F.A","-1.51%","7.83","9,11,396"
"212","Jubilant Foodworks Limited","JUBLFOOD","P&F | F.A","-1.52%","664.35","21,11,563"
"231","Adani Total Gas Ltd","ATGL","P&F | F.A","-1.52%","602.6","17,64,020"
"380","Sapphire Foods India Ltd","SAPPHIRE","P&F | F.A","-1.52%","294.45","4,06,390"
"382","Kabra Extrusion Technik Limited","KABRAEXTRU","P&F | F.A","-1.52%","292","1,16,658"
"328","Indraprastha Medical Corporation Limited","INDRAMEDCO","P&F | F.A","-1.53%","386.1","3,36,158"
"912","Music Broadcast","RADIOCITY","P&F | F.A","-1.53%","9.04","15,45,052"
"629","The Jammu & Kashmir Bank Limited","J&KBANK","P&F | F.A","-1.54%","92.3","27,10,846"
"125","Dr. Reddy's Laboratories Limited","DRREDDY","P&F | F.A","-1.55%","1144.2","27,62,934"
"237","Gabriel India Limited","GABRIEL","P&F | F.A","-1.55%","579.6","3,52,420"
"631","Edelweiss Financial Services Limited","EDELWEISS","P&F | F.A","-1.55%","89.99","40,16,277"
"753","Nova Agritech Ltd","NOVAAGRI","P&F | F.A","-1.55%","42.68","7,68,789"
"478","Pennar Industries Limited","PENIND","P&F | F.A","-1.56%","187.8","5,38,520"
"203","Hindalco Industries Limited","HINDALCO","P&F | F.A","-1.57%","682.45","43,62,212"
"409","Mahindra Logistics Ltd","MAHLOG","P&F | F.A","-1.57%","261.6","3,02,995"
"640","Xchanging Solutions Limited","XCHANGING","P&F | F.A","-1.57%","85.95","2,77,058"
"818","Mirae Asset Hang Seng TECH ETF","MAHKTECH","P&F | F.A","-1.57%","23.27","22,96,110"
"451","Vaibhav Global Limited","VAIBHAVGBL","P&F | F.A","-1.58%","218.99","6,77,373"
"700","Sanghi Industries Limited","SANGHIIND","P&F | F.A","-1.59%","59.43","8,03,072"
"865","Jaiprakash Power Ventures Limited","JPPOWER","P&F | F.A","-1.59%","14.25","3,55,44,914"
"312","Power Finance Corporation Limited","PFC","P&F | F.A","-1.6%","414.25","84,70,283"
"758","Nippon India ETF Nifty IT","ITBEES","P&F | F.A","-1.61%","39.77","54,65,507"
"279","Elgi Equipments Limited","ELGIEQUIP","P&F | F.A","-1.64%","481.7","2,21,542"
"368","Moil Limited","MOIL","P&F | F.A","-1.64%","323","8,66,211"
"449","Enviro Infra Engineers Ltd","EIEL","P&F | F.A","-1.64%","222.01","20,29,591"
"982","Vinny Overseas Ltd","VINNY","P&F | F.A","-1.64%","1.2","8,07,012"
"365","Swiggy Ltd","SWIGGY","P&F | F.A","-1.65%","330.2","1,06,83,126"
"10","Divi's Laboratories Limited","DIVISLAB","P&F | F.A","-1.66%","5775.45","2,91,524"
"273","Gujarat Narmada Valley Fertilizers And Chemicals Limited","GNFC","P&F | F.A","-1.66%","496.45","6,86,873"
"492","The Karnataka Bank Limited","KTKBANK","P&F | F.A","-1.66%","175.85","11,64,579"
"568","Lemon Tree Hotels Ltd","LEMONTREE","P&F | F.A","-1.66%","128.41","53,22,537"
"642","Dolat Algotech Ltd","DOLATALGO","P&F | F.A","-1.66%","84.32","5,77,383"
"819","The South Indian Bank Limited","SOUTHBANK","P&F | F.A","-1.66%","23.07","1,58,43,701"
"722","Motherson Sumi Wiring India Ltd","MSUMI","P&F | F.A","-1.68%","52.11","63,48,023"
"149","Brigade Enterprises Limited","BRIGADE","P&F | F.A","-1.69%","976.65","2,26,342"
"402","GRM Overseas Ltd","GRMOVER","P&F | F.A","-1.69%","266.07","2,90,816"
"603","Bhansali Engineering Polymers Limited","BEPL","P&F | F.A","-1.69%","108.91","6,33,425"
"2","Maruti Suzuki India Limited","MARUTI","P&F | F.A","-1.7%","11522.15","5,41,795"
"110","MTAR Technologies Ltd","MTARTECH","P&F | F.A","-1.7%","1281.15","2,73,589"
"475","ACME Solar Holdings Ltd","ACMESOLAR","P&F | F.A","-1.7%","191.98","9,51,668"
"869","Alankit Limited","ALANKIT","P&F | F.A","-1.71%","13.82","7,80,799"
"675","Bpl Limited","BPL","P&F | F.A","-1.72%","70.83","2,24,301"
"812","Shivam Autotech Limited","SHIVAMAUTO","P&F | F.A","-1.72%","25.72","3,15,762"
"321","CIE Automotive India Ltd","CIEINDIA","P&F | F.A","-1.73%","398.15","7,15,400"
"929","Idea Cellular Limited","IDEA","P&F | F.A","-1.73%","6.8","81,77,33,412"
"384","Power Grid Corporation Of India Limited","POWERGRID","P&F | F.A","-1.74%","290.35","1,08,34,900"
"577","Bajaj Housing Finance Ltd","BAJAJHFL","P&F | F.A","-1.75%","123.29","1,67,95,731"
"229","Chennai Petroleum Corporation Limited","CHENNPETRO","P&F | F.A","-1.76%","615.1","12,39,909"
"453","IIFL Capital Services Ltd","IIFLCAPS","P&F | F.A","-1.76%","217.66","4,74,888"
"658","Focus Lighting & Fixtures Ltd","FOCUS","P&F | F.A","-1.76%","77.76","5,36,431"
"218","Jubilant Ingrevia Ltd","JUBLINGREA","P&F | F.A","-1.78%","649.9","3,96,205"
"415","Ceigall India Ltd","CEIGALL","P&F | F.A","-1.78%","254.35","3,91,882"
"15","Trent Limited","TRENT","P&F | F.A","-1.79%","5325.15","15,35,964"
"188","Bf Utilities Limited","BFUTILITIE","P&F | F.A","-1.79%","751.65","5,33,621"
"633","Mukand Limited","MUKANDLTD","P&F | F.A","-1.79%","89.68","2,28,197"
"117","Prestige Estates Projects Limited","PRESTIGE","P&F | F.A","-1.8%","1184.4","7,36,620"
"376","Railtel Corporation of India Ltd","RAILTEL","P&F | F.A","-1.8%","302.55","26,51,784"
"507","Kross Ltd","KROSS","P&F | F.A","-1.8%","166.66","3,50,695"
"561","Mangalore Refinery And Petrochemicals Limited","MRPL","P&F | F.A","-1.81%","134.44","37,28,253"
"868","SEPC Ltd","SEPC","P&F | F.A","-1.82%","14.06","1,49,92,894"
"494","National Aluminium Company Limited","NATIONALUM","P&F | F.A","-1.83%","175.53","1,07,41,639"
"683","Shree Digvijay Cement Co. Ltd","SHREDIGCEM","P&F | F.A","-1.83%","68.29","7,13,019"
"759","ICICI Prudential IT ETF","ITIETF","P&F | F.A","-1.83%","39.74","6,49,131"
"732","Confidence Petroleum India Ltd","CONFIPET","P&F | F.A","-1.84%","46.92","16,54,596"
"764","Gp Petroleums Limited","GULFPETRO","P&F | F.A","-1.85%","37.15","2,66,916"
"782","Ptc India Financial Services Limited","PFS","P&F | F.A","-1.85%","31.27","26,42,436"
"556","Prism Johnson Ltd","PRSMJOHNSN","P&F | F.A","-1.86%","135.42","4,59,043"
"849","Motisons Jewellers Ltd","MOTISONS","P&F | F.A","-1.86%","16.9","34,34,214"
"537","Sun Pharma Advanced Research Company Limited","SPARC","P&F | F.A","-1.87%","147.91","13,73,849"
"287","Vedanta Limited","VEDL","P&F | F.A","-1.89%","463.4","69,66,128"
"731","One Point One Solutions Ltd","ONEPOINT","P&F | F.A","-1.89%","47.13","31,26,202"
"239","Nippon Life India Asset Management Ltd","NAM-INDIA","P&F | F.A","-1.9%","578.55","12,36,326"
"42","Mazagon Dock Shipbuilders Ltd","MAZDOCK","P&F | F.A","-1.91%","2643.8","30,32,671"
"255","Jsw Energy Limited","JSWENERGY","P&F | F.A","-1.91%","537.9","41,23,070"
"498","Rbl Bank Limited","RBLBANK","P&F | F.A","-1.91%","173.53","65,28,634"
"737","Irb Infrastructure Developers Limited","IRB","P&F | F.A","-1.91%","45.16","1,59,43,695"
"179","Kec International Limited","KEC","P&F | F.A","-1.92%","782.75","7,70,276"
"511","Bajel Projects Ltd","BAJEL","P&F | F.A","-1.93%","163.94","3,82,664"
"712","Equitas Small Finance Bank Ltd","EQUITASBNK","P&F | F.A","-1.94%","54.98","66,99,392"
"383","Gujarat State Petronet Limited","GSPL","P&F | F.A","-1.95%","291.3","7,64,458"
"797","Vip Clothing Limited","VIPCLOTHNG","P&F | F.A","-1.95%","28.19","2,69,191"
"911","Oriental Trimex Limited","ORIENTALTL","P&F | F.A","-1.95%","9.05","12,70,112"
"139","Amara Raja Energy & Mobility Ltd","ARE&M","P&F | F.A","-1.96%","1003.3","6,30,905"
"331","Triveni Engineering & Industries Limited","TRIVENI","P&F | F.A","-1.96%","384.45","3,71,101"
"613","Navkar Corporation Limited","NAVKARCORP","P&F | F.A","-1.96%","103.09","10,83,764"
"995","Akshar Spintex Ltd","AKSHAR","P&F | F.A","-1.96%","0.5","19,49,484"
"247","Praj Industries Limited","PRAJIND","P&F | F.A","-1.97%","554.85","4,15,350"
"499","Hindustan Oil Exploration Company Limited","HINDOILEXP","P&F | F.A","-1.98%","171.06","5,90,424"
"783","Den Networks Limited","DEN","P&F | F.A","-1.98%","31.18","18,17,719"
"106","KPIT Technologies Ltd","KPITTECH","P&F | F.A","-2%","1307.45","6,73,910"
"375","One Mobikwik Systems Ltd","MOBIKWIK","P&F | F.A","-2%","304.05","23,45,854"
"773","Suratwwala Business Group Ltd","SBGLP","P&F | F.A","-2%","34.79","44,053"
"924","Vertoz Ltd","VERTOZ","P&F | F.A","-2%","7.83","4,47,520"
"52","Adani Enterprises Limited","ADANIENT","P&F | F.A","-2.01%","2315.8","18,38,836"
"685","The Andhra Sugars Limited","ANDHRSUGAR","P&F | F.A","-2.01%","66.74","4,18,135"
"793","Coffee Day Enterprises Limited","COFFEEDAY","P&F | F.A","-2.01%","28.32","75,631"
"803","Mirza International Limited","MIRZAINT","P&F | F.A","-2.01%","26.86","4,39,500"
"261","Quadrant Future Tek Ltd","QUADFUTURE","P&F | F.A","-2.02%","525.4","20,74,664"
"898","Vipul Limited","VIPULLTD","P&F | F.A","-2.02%","10.21","3,31,136"
"340","Mamata Machinery Ltd","MAMATA","P&F | F.A","-2.03%","361.8","3,40,131"
"267","Adani Power Limited","ADANIPOWER","P&F | F.A","-2.04%","509.3","51,74,247"
"426","Surya Roshni Limited","SURYAROSNI","P&F | F.A","-2.04%","244.37","2,88,934"
"569","Indian Oil Corporation Limited","IOC","P&F | F.A","-2.04%","127.7","1,53,96,398"
"889","Lorenzini Apparels Ltd","LAL","P&F | F.A","-2.04%","11.54","6,26,625"
"896","Sadbhav Engineering Limited","SADBHAV","P&F | F.A","-2.04%","10.54","13,69,166"
"996","Filatex Fashions Ltd","FILATFASH","P&F | F.A","-2.04%","0.48","2,88,55,645"
"84","Infosys Limited","INFY","P&F | F.A","-2.05%","1570.65","67,99,047"
"184","Tejas Networks","TEJASNET","P&F | F.A","-2.05%","760.45","17,09,221"
"908","Kamdhenu Ventures Ltd","KAMOPAINTS","P&F | F.A","-2.05%","9.1","2,72,690"
"918","Kritika Wires Ltd","KRITIKA","P&F | F.A","-2.05%","8.6","1,12,753"
"463","Ashok Leyland Limited","ASHOKLEY","P&F | F.A","-2.06%","204.22","1,04,12,046"
"521","Marine Electricals (India) Ltd","MARINE","P&F | F.A","-2.06%","156.99","3,83,443"
"649","Sterlite Technologies Limited","STLTECH","P&F | F.A","-2.06%","80.92","35,06,877"
"317","KPI Green Energy Ltd","KPIGREEN","P&F | F.A","-2.07%","408.5","8,62,907"
"325","Birlasoft Ltd","BSOFT","P&F | F.A","-2.07%","387.7","24,64,995"
"522","Ircon International Ltd","IRCON","P&F | F.A","-2.07%","156.48","75,25,794"
"961","SVP Global Ventures Ltd","SVPGLOB","P&F | F.A","-2.08%","2.83","67,423"
"968","Sakuma Exports Limited","SAKUMA","P&F | F.A","-2.08%","2.35","12,05,056"
"997","Siti Networks Limited","SITINET","P&F | F.A","-2.08%","0.47","12,59,047"
"334","Tata Power Company Limited","TATAPOWER","P&F | F.A","-2.09%","375.4","64,58,106"
"644","Fedbank Financial Services Ltd","FEDFINA","P&F | F.A","-2.09%","82.51","8,17,478"
"251","Indian Bank","INDIANB","P&F | F.A","-2.1%","541.3","13,78,507"
"550","Himatsingka Seide Limited","HIMATSEIDE","P&F | F.A","-2.11%","140.89","7,32,610"
"702","Lloyds Engineering Works Ltd","LLOYDSENGG","P&F | F.A","-2.11%","57.62","39,67,232"
"76","Cartrade Tech Ltd","CARTRADE","P&F | F.A","-2.14%","1644.95","1,95,658"
"180","Jk Lakshmi Cement Limited","JKLAKSHMI","P&F | F.A","-2.14%","774.1","7,89,228"
"126","Deepak Fertilizers And Petrochemicals Corporation Limited","DEEPAKFERT","P&F | F.A","-2.16%","1116.2","2,68,644"
"322","Nippon India ETF Hang Seng Bees","HNGSNGBEES","P&F | F.A","-2.16%","396.09","3,86,851"
"602","Dcb Bank Limited","DCBBANK","P&F | F.A","-2.17%","112.01","14,26,925"
"666","Jamna Auto Industries Limited","JAMNAAUTO","P&F | F.A","-2.17%","75.37","21,39,282"
"159","PVR Inox Ltd","PVRINOX","P&F | F.A","-2.19%","912.55","5,11,952"
"491","S H Kelkar And Company Limited","SHK","P&F | F.A","-2.19%","176.6","3,37,802"
"540","Standard Glass Lining Technology Ltd","SGLTL","P&F | F.A","-2.19%","146.82","5,98,699"
"978","Inventure Growth & Securities Limited","INVENTURE","P&F | F.A","-2.19%","1.34","36,17,608"
"579","Anant Raj Global Ltd","TARC","P&F | F.A","-2.2%","123.13","6,27,046"
"850","Yes Bank Limited","YESBANK","P&F | F.A","-2.2%","16.88","9,80,61,236"
"647","Foods & Inns Ltd","FOODSIN","P&F | F.A","-2.21%","81.32","8,61,435"
"701","Bodal Chemicals Limited","BODALCHEM","P&F | F.A","-2.21%","58.37","8,00,756"
"717","MIC Electronics Ltd","MICEL","P&F | F.A","-2.21%","53.01","6,38,687"
"959","Gvk Power & Infrastructure Limited","GVKPIL","P&F | F.A","-2.21%","3.1","9,01,066"
"467","Zomato Ltd","ZOMATO","P&F | F.A","-2.22%","201.7","7,48,42,762"
"572","Rashtriya Chemicals And Fertilizers Limited","RCF","P&F | F.A","-2.22%","125.52","20,06,799"
"980","Mep Infrastructure Developers Limited","MEP","P&F | F.A","-2.22%","1.32","88,943"
"194","Kirloskar Oil Engines Limited","KIRLOSENG","P&F | F.A","-2.23%","719.75","2,91,210"
"65","Gravita India Limited","GRAVITA","P&F | F.A","-2.24%","1831.95","3,54,380"
"234","Jbm Auto Limited","JBMA","P&F | F.A","-2.24%","591.8","5,23,427"
"427","Sanghvi Movers Limited","SANGHVIMOV","P&F | F.A","-2.24%","244.11","7,43,550"
"389","Vip Industries Limited","VIPIND","P&F | F.A","-2.25%","279.7","12,27,719"
"458","Rallis India Limited","RALLIS","P&F | F.A","-2.25%","214.28","3,60,209"
"12","Persistent Systems Limited","PERSISTENT","P&F | F.A","-2.26%","5513.75","3,17,428"
"232","Happiest Minds Technologies Ltd","HAPPSTMNDS","P&F | F.A","-2.28%","596.7","9,71,680"
"648","Southern Petrochemicals Industries Corporation  Limited","SPIC","P&F | F.A","-2.28%","81.06","4,00,676"
"692","Bigbloc Construction Limited","BIGBLOC","P&F | F.A","-2.29%","62.29","3,38,766"
"81","Hcl Technologies Limited","HCLTECH","P&F | F.A","-2.31%","1592.5","22,11,077"
"971","Integra Essentia Ltd","ESSENTIA","P&F | F.A","-2.31%","2.11","80,64,652"
"176","Titagarh Rail Systems Ltd","TITAGARH","P&F | F.A","-2.32%","796.25","17,64,410"
"217","Sun Tv Network Limited","SUNTV","P&F | F.A","-2.33%","649.95","1,86,455"
"591","Inox Green Energy Services Ltd","INOXGREEN","P&F | F.A","-2.33%","118.95","15,31,225"
"525","New India Assurance Company Ltd","NIACL","P&F | F.A","-2.34%","154.52","10,33,619"
"706","Dhani Services Ltd","DHANI","P&F | F.A","-2.35%","56.84","22,80,755"
"592","Everest Kanto Cylinder Limited","EKC","P&F | F.A","-2.37%","118.48","5,45,934"
"495","Laxmi Organic Industries Ltd","LXCHEM","P&F | F.A","-2.38%","175.25","7,34,990"
"504","Camlin Fine Sciences Limited","CAMLINFINE","P&F | F.A","-2.39%","167.75","5,17,644"
"100","Raymond Limited","RAYMOND","P&F | F.A","-2.4%","1402.95","3,49,116"
"172","Chalet Hotels Ltd","CHALET","P&F | F.A","-2.4%","819.45","1,41,241"
"654","Radhika Jeweltech Ltd","RADHIKAJWE","P&F | F.A","-2.41%","78.91","5,16,188"
"353","Capacite Infraprojects Ltd","CAPACITE","P&F | F.A","-2.42%","350.5","3,85,337"
"619","NTPC Green Energy Ltd","NTPCGREEN","P&F | F.A","-2.42%","100.61","89,17,681"
"744","Punjab & Sind Bank","PSB","P&F | F.A","-2.42%","43.58","14,94,856"
"349","Orient Technologies Ltd","ORIENTTECH","P&F | F.A","-2.43%","354.75","2,55,600"
"510","Ugro Capital Ltd","UGROCAP","P&F | F.A","-2.43%","164.87","4,54,572"
"566","Bombay Dyeing & Mfg Company Limited","BOMDYEING","P&F | F.A","-2.44%","129.72","12,13,961"
"1","Dixon Technologies","DIXON","P&F | F.A","-2.45%","13179.5","4,30,635"
"387","Mahindra & Mahindra Financial Services Limited","M&MFIN","P&F | F.A","-2.45%","283","23,13,383"
"472","The Federal Bank  Limited","FEDERALBNK","P&F | F.A","-2.45%","192.73","72,48,212"
"623","Electrosteel Castings Limited","ELECTCAST","P&F | F.A","-2.45%","98.24","20,72,941"
"740","Onmobile Global Limited","ONMOBILE","P&F | F.A","-2.45%","44.51","7,90,726"
"41","Mahindra & Mahindra Limited","M&M","P&F | F.A","-2.46%","2665.8","60,74,446"
"196","Ventive Hospitality Ltd","VENTIVE","P&F | F.A","-2.46%","712.45","2,20,069"
"393","Jk Tyre & Industries Limited","JKTYRE","P&F | F.A","-2.46%","277.45","4,35,762"
"284","Tanla Solutions Limited","TANLA","P&F | F.A","-2.47%","467.25","9,63,280"
"396","Senco Gold Ltd","SENCO","P&F | F.A","-2.47%","272.35","8,91,401"
"490","Gujarat State Fertilizers & Chemicals Limited","GSFC","P&F | F.A","-2.47%","177.28","18,57,395"
"531","D B Realty Limited","DBREALTY","P&F | F.A","-2.47%","150.63","33,17,904"
"784","Orient Ceratech Ltd","ORIENTCER","P&F | F.A","-2.47%","30.42","1,61,553"
"814","Osia Hyper Retail Ltd","OSIAHYPER","P&F | F.A","-2.48%","24.82","11,26,141"
"543","Moschip Technologies Ltd","MOSCHIP","P&F | F.A","-2.52%","146.05","12,54,522"
"787","Dhanlaxmi Bank Limited","DHANBANK","P&F | F.A","-2.52%","29.75","16,80,382"
"643","Delta Corp Limited","DELTACORP","P&F | F.A","-2.53%","83.22","23,65,747"
"810","Hindustan Construction Company Limited","HCC","P&F | F.A","-2.53%","25.85","2,73,29,618"
"57","Blue Star Limited","BLUESTARCO","P&F | F.A","-2.54%","2136.4","10,27,627"
"371","Arvind Limited","ARVIND","P&F | F.A","-2.54%","315.15","2,93,930"
"686","Satia Industries Ltd","SATIA","P&F | F.A","-2.55%","66.12","5,77,657"
"295","Elecon Engineering Company Limited","ELECON","P&F | F.A","-2.57%","449.15","5,68,948"
"417","Pnc Infratech Limited","PNCINFRA","P&F | F.A","-2.58%","253.2","5,01,829"
"748","Mahanagar Telephone Nigam Limited","MTNL","P&F | F.A","-2.58%","42.98","30,95,822"
"270","P N Gadgil Jewellers Ltd","PNGJL","P&F | F.A","-2.59%","505.65","3,22,710"
"874","Bartronics India Ltd","ASMS","P&F | F.A","-2.59%","13.52","7,70,698"
"333","Goldiam International Limited","GOLDIAM","P&F | F.A","-2.61%","375.45","9,42,441"
"341","Sanathan Textiles Ltd","SANATHAN","P&F | F.A","-2.61%","361.7","2,65,887"
"311","Time Technoplast Limited","TIMETECHNO","P&F | F.A","-2.62%","417.7","16,04,507"
"607","Sammaan Capital Ltd","SAMMAANCAP","P&F | F.A","-2.62%","107.1","1,34,76,376"
"747","Ifci Limited","IFCI","P&F | F.A","-2.62%","43.07","77,29,819"
"620","Suryoday Small Finance Bank Ltd","SURYODAY","P&F | F.A","-2.64%","100.31","4,71,862"
"612","Garuda Construction and Engineering Ltd","GARUDA","P&F | F.A","-2.65%","103.1","4,94,035"
"653","Himachal Futuristic Communications Limited","HFCL","P&F | F.A","-2.65%","79.1","1,47,83,782"
"816","Trident Limited","TRIDENT","P&F | F.A","-2.65%","24.27","90,12,633"
"864","Anmol India Ltd","ANMOL","P&F | F.A","-2.66%","14.26","3,25,721"
"105","Protean eGov Technologies Ltd","PROTEAN","P&F | F.A","-2.67%","1340.8","4,94,257"
"990","Godha Cabcon and Insulation Ltd","GODHA","P&F | F.A","-2.67%","0.73","11,39,867"
"300","Skipper Limited","SKIPPER","P&F | F.A","-2.69%","437.25","5,74,323"
"501","Aeroflex Industries Ltd","AEROFLEX","P&F | F.A","-2.69%","170.17","6,48,706"
"434","Spandana Sphoorty Financial Ltd","SPANDANA","P&F | F.A","-2.71%","235","5,53,758"
"703","Jain Irrigation Systems Limited","JISLJALEQS","P&F | F.A","-2.71%","57.4","36,91,771"
"751","Central Bank Of India","CENTRALBK","P&F | F.A","-2.71%","42.77","59,77,337"
"861","Alok Industries Ltd","ALOKINDS","P&F | F.A","-2.71%","15.05","1,19,51,530"
"769","Uco Bank","UCOBANK","P&F | F.A","-2.72%","35.7","69,39,432"
"800","Shree Renuka Sugars Limited","RENUKA","P&F | F.A","-2.72%","27.58","95,30,673"
"96","Cipla Limited","CIPLA","P&F | F.A","-2.74%","1442.2","14,95,932"
"303","Varroc Engineering Ltd","VARROC","P&F | F.A","-2.74%","430.15","3,05,440"
"614","Hi-Tech Pipes Ltd","HITECH","P&F | F.A","-2.74%","102.5","28,30,444"
"760","Patel Engineering Limited","PATELENG","P&F | F.A","-2.74%","39.08","73,65,696"
"367","Iifl Holdings Limited","IIFL","P&F | F.A","-2.75%","327.65","16,04,971"
"503","Gic Housing Finance Limited","GICHSGFIN","P&F | F.A","-2.75%","167.75","2,94,754"
"302","Swan Energy Limited","SWANENERGY","P&F | F.A","-2.77%","430.2","21,20,457"
"590","Unicommerce eSolutions Ltd","UNIECOM","P&F | F.A","-2.77%","119.08","6,48,006"
"820","Nectar Lifesciences Limited","NECLIFE","P&F | F.A","-2.8%","22.95","23,40,881"
"967","Fcs Software Solutions Limited","FCSSOFT","P&F | F.A","-2.81%","2.42","43,94,866"
"553","Gujarat Pipavav Port Limited","GPPL","P&F | F.A","-2.82%","138.09","22,03,709"
"351","Eih Limited","EIHOTEL","P&F | F.A","-2.83%","353.5","5,70,330"
"854","Ht Media Limited","HTMEDIA","P&F | F.A","-2.84%","16.43","7,55,127"
"80","Affle India Ltd","AFFLE","P&F | F.A","-2.85%","1608.55","2,05,573"
"241","Senores Pharmaceuticals Ltd","SENORES","P&F | F.A","-2.86%","570.6","4,80,345"
"927","Accuracy Shipping Ltd","ACCURACY","P&F | F.A","-2.86%","7.46","4,45,834"
"998","Sanwaria Agro Oils Limited","SANWARIA","P&F | F.A","-2.86%","0.34","10,72,245"
"72","Hyundai Motor India Ltd","HYUNDAI","P&F | F.A","-2.87%","1707.65","6,93,170"
"128","Max Healthcare Institute Ltd","MAXHEALTH","P&F | F.A","-2.87%","1096.95","19,90,409"
"465","Castrol India Limited","CASTROLIND","P&F | F.A","-2.88%","202.96","35,06,121"
"580","Muthoot Microfin Ltd","MUTHOOTMF","P&F | F.A","-2.88%","122.84","5,23,606"
"452","Dishman Carbogen Amcis Ltd","DCAL","P&F | F.A","-2.89%","217.79","3,83,193"
"546","Satin Creditcare Network Limited","SATIN","P&F | F.A","-2.9%","142.98","3,68,143"
"937","M K Proteins Ltd","MKPL","P&F | F.A","-2.9%","6.02","3,55,429"
"175","Natco Pharma Limited","NATCOPHARM","P&F | F.A","-2.92%","798.75","6,51,092"
"560","Texmaco Rail & Engineering Limited","TEXRAIL","P&F | F.A","-2.92%","134.7","27,77,424"
"662","Western Carriers (India) Ltd","WCIL","P&F | F.A","-2.92%","76.58","5,79,994"
"806","Pearl Polymers Limited","PEARLPOLY","P&F | F.A","-2.94%","26.44","74,104"
"853","Syncom Formulations (India) Ltd","SYNCOMF","P&F | F.A","-2.95%","16.46","28,89,314"
"153","360 ONE WAM Ltd","360ONE","P&F | F.A","-2.96%","942.65","9,69,709"
"249","Cello World Ltd","CELLO","P&F | F.A","-2.96%","546.25","5,15,009"
"509","Share India Securities Ltd","SHAREINDIA","P&F | F.A","-2.97%","165.18","7,47,676"
"986","KBC Global Ltd","KBCGLOBAL","P&F | F.A","-2.97%","0.98","27,23,927"
"948","Nagarjuna Fertilizers And Chemicals Limited","NAGAFERT","P&F | F.A","-2.98%","4.23","39,71,087"
"85","GE Vernova T&D India Ltd","GVT&D","P&F | F.A","-2.99%","1558.75","4,61,180"
"356","Sonata Software Limited","SONATSOFTW","P&F | F.A","-2.99%","345.7","6,90,221"
"852","Infibeam Incorporation Limited","INFIBEAM","P&F | F.A","-2.99%","16.55","1,56,75,229"
"755","RattanIndia Enterprises Ltd","RTNINDIA","P&F | F.A","-3%","41.05","32,31,843"
"821","Orient Paper & Industries Limited","ORIENTPPR","P&F | F.A","-3.02%","22.8","15,33,186"
"477","Hubtown Limited","HUBTOWN","P&F | F.A","-3.04%","188.59","3,78,841"
"664","JTL Industries Ltd","JTLIND","P&F | F.A","-3.04%","75.98","19,28,888"
"873","A2z Infra Engineering Limited","A2ZINFRA","P&F | F.A","-3.05%","13.67","8,82,066"
"224","Upl Limited","UPL","P&F | F.A","-3.07%","636.25","44,21,109"
"523","Walchandnagar Industries Limited","WALCHANNAG","P&F | F.A","-3.07%","154.94","6,48,063"
"330","Heritage Foods Limited","HERITGFOOD","P&F | F.A","-3.08%","385.05","5,28,408"
"788","Kamdhenu Limited","KAMDHENU","P&F | F.A","-3.08%","29.54","20,95,107"
"770","Oswal Green Tech Ltd","OSWALGREEN","P&F | F.A","-3.1%","35.69","3,10,820"
"326","Sunteck Realty Limited","SUNTECK","P&F | F.A","-3.11%","387.3","2,84,291"
"292","Syrma SGS Technology Ltd","SYRMA","P&F | F.A","-3.12%","459.9","5,66,481"
"723","Goldstone Technologies Limited","GOLDTECH","P&F | F.A","-3.12%","51.9","1,21,068"
"280","Graphite India Limited","GRAPHITE","P&F | F.A","-3.13%","477.95","9,21,310"
"401","Platinum Industries Ltd","PLATIND","P&F | F.A","-3.15%","266.25","2,37,593"
"447","Rites Ltd","RITES","P&F | F.A","-3.15%","223.37","21,08,675"
"457","Greaves Cotton Limited","GREAVESCOT","P&F | F.A","-3.16%","214.8","18,80,506"
"710","Manali Petrochemicals Limited","MANALIPETC","P&F | F.A","-3.17%","56.13","5,70,923"
"454","Dreamfolks Services Ltd","DREAMFOLKS","P&F | F.A","-3.2%","217.5","4,54,325"
"335","Arvind Fashions Ltd","ARVINDFASN","P&F | F.A","-3.21%","373.4","4,32,248"
"652","National Fertilizers Limited","NFL","P&F | F.A","-3.21%","80.38","20,55,585"
"679","Andhra Paper Ltd","ANDHRAPAP","P&F | F.A","-3.21%","68.98","4,52,178"
"424","Prince Pipes & Fittings Ltd","PRINCEPIPE","P&F | F.A","-3.24%","245.25","2,67,622"
"549","Gandhar Oil Refinery (India) Ltd","GANDHAR","P&F | F.A","-3.25%","141.48","4,32,433"
"397","Mishra Dhatu Nigam Ltd","MIDHANI","P&F | F.A","-3.26%","271.89","5,56,983"
"622","Zee Entertainment Enterprises Limited","ZEEL","P&F | F.A","-3.26%","98.34","1,32,42,194"
"667","Saurashtra Cement Ltd","SAURASHCEM","P&F | F.A","-3.26%","75.09","6,01,011"
"581","Niit Limited","NIITLTD","P&F | F.A","-3.28%","122.74","13,33,754"
"178","One 97 Communications Ltd","PAYTM","P&F | F.A","-3.29%","783.45","65,02,695"
"715","Allcargo Gati Ltd","ACLGATI","P&F | F.A","-3.29%","53.15","12,21,204"
"922","Vishwaraj Sugar Industries Ltd","VISHWARAJ","P&F | F.A","-3.31%","7.88","19,50,215"
"215","Shriram Finance Ltd","SHRIRAMFIN","P&F | F.A","-3.32%","656","68,06,264"
"964","Noida Toll Bridge Company Limited","NOIDATOLL","P&F | F.A","-3.32%","2.62","7,91,931"
"987","Visagar Polytex Limited","VIVIDHA","P&F | F.A","-3.33%","0.87","4,09,778"
"137","Home First Finance Company India Ltd","HOMEFIRST","P&F | F.A","-3.36%","1014.15","3,29,469"
"728","Paramount Communications Limited","PARACABLES","P&F | F.A","-3.36%","49.4","24,37,414"
"826","Utkarsh Small Finance Bank Ltd","UTKARSHBNK","P&F | F.A","-3.38%","22.03","39,43,716"
"671","Shriram Properties Ltd","SHRIRAMPPS","P&F | F.A","-3.4%","72.51","24,64,852"
"151","CreditAccess Grameen Ltd","CREDITACC","P&F | F.A","-3.42%","951.95","7,51,798"
"953","Suvidhaa Infoserve Ltd","SUVIDHAA","P&F | F.A","-3.42%","3.95","6,49,434"
"940","Dish Tv India Limited","DISHTV","P&F | F.A","-3.43%","5.63","3,46,13,278"
"879","Zee Media Corporation Limited","ZEEMEDIA","P&F | F.A","-3.44%","12.9","31,58,517"
"962","Kshitij Polyline Ltd","KSHITIJPOL","P&F | F.A","-3.44%","2.81","5,00,919"
"621","Alembic Limited","ALEMBICLTD","P&F | F.A","-3.45%","98.54","6,26,187"
"745","Network18 Media & Investments Limited","NETWORK18","P&F | F.A","-3.45%","43.41","59,42,531"
"82","PB Fintech Ltd","POLICYBZR","P&F | F.A","-3.48%","1589.75","13,14,744"
"713","IDFC First Bank Ltd","IDFCFIRSTB","P&F | F.A","-3.48%","54.96","4,89,26,649"
"946","Ducon Infratechnologies Limited","DUCON","P&F | F.A","-3.49%","4.7","11,31,790"
"721","Mmtc Limited","MMTC","P&F | F.A","-3.51%","52.18","27,38,668"
"219","Indusind Bank Limited","INDUSINDBK","P&F | F.A","-3.52%","649.85","88,07,815"
"545","Deepak Builders & Engineers India Ltd","DBEIL","P&F | F.A","-3.52%","143.07","2,89,433"
"23","LTI Mindtree Ltd","LTIM","P&F | F.A","-3.53%","4491.35","4,47,846"
"699","Gateway Distriparks Ltd","GATEWAY","P&F | F.A","-3.53%","59.87","12,27,995"
"257","AU Small Finance Bank","AUBANK","P&F | F.A","-3.57%","534.6","31,18,677"
"791","Allcargo Logistics Limited","ALLCARGO","P&F | F.A","-3.57%","28.6","69,43,441"
"966","Globe Textiles (India) Ltd","GLOBE","P&F | F.A","-3.57%","2.43","13,25,032"
"274","Anant Raj Limited","ANANTRAJ","P&F | F.A","-3.58%","491.6","17,86,809"
"432","IKIO Lighting Ltd","IKIO","P&F | F.A","-3.58%","236.12","1,75,259"
"227","EMS Ltd","EMSLIMITED","P&F | F.A","-3.6%","618.2","4,13,647"
"841","Bajaj Hindusthan Sugar Limited","BAJAJHIND","P&F | F.A","-3.61%","19.47","1,16,27,998"
"358","Aarti Drugs Limited","AARTIDRUGS","P&F | F.A","-3.63%","340.3","2,65,000"
"709","Tata Teleservices (maharashtra) Limited","TTML","P&F | F.A","-3.65%","56.29","54,48,960"
"407","Wipro Limited","WIPRO","P&F | F.A","-3.66%","262.25","1,42,83,389"
"116","Macrotech Developers Ltd","LODHA","P&F | F.A","-3.67%","1195.8","9,65,367"
"552","Fusion Micro Finance Ltd","FUSION","P&F | F.A","-3.67%","140.27","8,49,697"
"798","HMA Agro Industries Ltd","HMAAGRO","P&F | F.A","-3.67%","28.11","5,65,429"
"466","EPL Ltd","EPL","P&F | F.A","-3.7%","201.71","11,09,159"
"693","Magellanic Cloud Ltd","MCLOUD","P&F | F.A","-3.71%","61.85","20,66,423"
"716","Ola Electric Mobility Ltd","OLAELEC","P&F | F.A","-3.72%","53.05","3,80,33,501"
"884","Rana Sugars Limited","RANASUG","P&F | F.A","-3.72%","12.18","12,39,350"
"834","Hindustan Motors Limited","HINDMOTORS","P&F | F.A","-3.73%","21.19","18,34,600"
"129","SignatureGlobal India Ltd","SIGNATURE","P&F | F.A","-3.74%","1093.7","5,69,286"
"902","Rattanindia Power Limited","RTNPOWER","P&F | F.A","-3.74%","9.79","1,60,67,903"
"18","Tata Elxsi Limited","TATAELXSI","P&F | F.A","-3.75%","5214.6","5,29,718"
"171","Jindal Drilling And Industries Limited","JINDRILL","P&F | F.A","-3.76%","833.65","2,97,528"
"835","3i Infotech Ltd","3IINFOLTD","P&F | F.A","-3.78%","21.15","13,13,429"
"928","TruCap Finance Ltd","TRU","P&F | F.A","-3.78%","7.12","22,76,947"
"684","Stallion India Fluorochemicals Ltd","STALLION","P&F | F.A","-3.84%","67.9","7,42,954"
"440","Fineotex Chemical Limited","FCL","P&F | F.A","-3.86%","229.83","5,50,571"
"408","Genus Power Infrastructures Limited","GENUSPOWER","P&F | F.A","-3.88%","261.7","6,09,955"
"615","Texmaco Infrastructure & Holdings Limited","TEXINFRA","P&F | F.A","-3.88%","102.38","4,31,760"
"839","Sakthi Sugars Limited","SAKHTISUG","P&F | F.A","-3.89%","20.52","2,74,288"
"288","Transrail Lighting Ltd","TRANSRAILL","P&F | F.A","-3.91%","462.55","28,94,568"
"374","Allied Blenders & Distillers Ltd","ABDL","P&F | F.A","-3.97%","306.2","27,86,143"
"541","Apeejay Surrendra Park Hotels Ltd","PARKHOTELS","P&F | F.A","-3.98%","146.44","9,36,632"
"598","Indo Amines Ltd","INDOAMIN","P&F | F.A","-4.01%","115.01","2,31,289"
"845","DigiSpice Technologies Ltd","DIGISPICE","P&F | F.A","-4.06%","17.49","3,55,566"
"935","Spacenet Enterprises India Ltd","SPCENET","P&F | F.A","-4.1%","6.31","10,30,610"
"955","Nandan Denim Limited","NDL","P&F | F.A","-4.1%","3.51","44,07,031"
"416","Indo Count Industries Limited","ICIL","P&F | F.A","-4.13%","253.95","4,32,097"
"965","Housing Development And Infrastructure Limited","HDIL","P&F | F.A","-4.14%","2.55","4,66,221"
"752","Gokul Refoils And Solvent Limited","GOKUL","P&F | F.A","-4.15%","42.76","1,34,453"
"888","Easy Trip Planners Ltd","EASEMYTRIP","P&F | F.A","-4.17%","11.71","4,05,87,986"
"538","Exicom Tele-Systems Ltd","EXICOM","P&F | F.A","-4.2%","147.44","7,16,154"
"956","Future Enterprises DVR","FELDVR","P&F | F.A","-4.2%","3.42","13,875"
"616","Gujarat Ambuja Exports Limited","GAEL","P&F | F.A","-4.22%","102.12","14,93,341"
"915","Praxis Home Retail Ltd","PRAXIS","P&F | F.A","-4.23%","8.84","25,41,340"
"766","Dwarikesh Sugar Industries Limited","DWARKESH","P&F | F.A","-4.27%","36.81","19,14,752"
"943","B.a.g Films And Media Limited","BAGFILMS","P&F | F.A","-4.29%","5.35","3,92,471"
"983","Teamo Productions HQ Ltd","TPHQ","P&F | F.A","-4.31%","1.11","24,68,213"
"969","Vikas Ecotech Limited","VIKASECO","P&F | F.A","-4.33%","2.21","67,99,141"
"473","Ashoka Buildcon Limited","ASHOKA","P&F | F.A","-4.35%","192.51","23,95,443"
"893","Mirc Electronics Limited","MIRCELECTR","P&F | F.A","-4.37%","11.16","8,42,052"
"970","Orchasp Ltd","ORCHASP","P&F | F.A","-4.39%","2.18","4,93,639"
"165","Uno Minda Ltd","UNOMINDA","P&F | F.A","-4.41%","875.5","16,29,549"
"359","Firstsource Solutions Limited","FSL","P&F | F.A","-4.44%","340.25","45,72,928"
"947","Ganga Forging Ltd","GANGAFORGE","P&F | F.A","-4.46%","4.28","5,88,986"
"846","Ashima Limited","ASHIMASYN","P&F | F.A","-4.5%","17.18","11,04,199"
"952","Cerebra Integrated Technologies Limited","CEREBRAINT","P&F | F.A","-4.52%","4.01","4,85,601"
"532","Parag Milk Foods Limited","PARAGMILK","P&F | F.A","-4.54%","149.45","20,15,921"
"539","Themis Medicare Limited","THEMISMED","P&F | F.A","-4.56%","146.98","1,11,247"
"584","Electronics Mart India Ltd","EMIL","P&F | F.A","-4.56%","121.65","5,16,091"
"242","Icici Prudential Life Insurance Company Limited","ICICIPRULI","P&F | F.A","-4.57%","564.35","19,19,467"
"892","Jhs Svendgaard Laboratories Limited","JHS","P&F | F.A","-4.61%","11.18","4,04,804"
"981","Future Lifestyle Fashions Limited","FLFL","P&F | F.A","-4.62%","1.24","1,28,616"
"200","Intellect Design Arena Limited","INTELLECT","P&F | F.A","-4.67%","692.7","3,81,913"
"905","Vakrangee Limited","VAKRANGEE","P&F | F.A","-4.76%","9.41","1,43,59,773"
"726","Radiant Cash Management Services Ltd","RADIANTCMS","P&F | F.A","-4.79%","51.08","54,63,787"
"877","Pc Jeweller Limited","PCJEWELLER","P&F | F.A","-4.81%","13.06","2,50,51,866"
"595","Aptech Limited","APTECHT","P&F | F.A","-4.83%","116.94","4,07,095"
"388","Gujarat Themis Biosyn Ltd","GUJTHEM","P&F | F.A","-4.86%","281.91","79,717"
"851","Sadhana Nitro Chem Ltd","SADHNANIQ","P&F | F.A","-4.86%","16.85","5,60,086"
"930","Shyam Century Ferrous Limited","SHYAMCENT","P&F | F.A","-4.94%","6.74","4,80,210"
"551","Samhi Hotels Ltd","SAMHI","P&F | F.A","-4.97%","140.82","24,04,448"
"883","Subex Ltd","SUBEXLTD","P&F | F.A","-4.98%","12.2","1,05,90,899"
"696","Restaurant Brands Asia Ltd","RBA","P&F | F.A","-5%","60.45","26,05,634"
"942","Zee Learn Limited","ZEELEARN","P&F | F.A","-5%","5.51","32,32,554"
"324","Max Estates Ltd","MAXESTATES","P&F | F.A","-5.06%","389.2","3,06,391"
"919","AGS Transact Technologies Ltd","AGSTRA","P&F | F.A","-5.06%","8.26","2,92,502"
"479","Rajesh Exports Limited","RAJESHEXPO","P&F | F.A","-5.09%","185.56","17,01,213"
"727","Mirae Asset S&P 500 Top 50 ETF","MASPTOP50","P&F | F.A","-5.11%","49.44","9,63,931"
"931","Take Solutions Limited","TAKE","P&F | F.A","-5.11%","6.69","3,55,170"
"958","Jaiprakash Associates Limited","JPASSOCIAT","P&F | F.A","-5.17%","3.12","74,11,641"
"950","Kesoram Industries Limited","KESORAMIND","P&F | F.A","-5.2%","4.19","2,98,50,842"
"972","Rolta India Limited","ROLTA","P&F | F.A","-5.21%","2","4,77,228"
"378","Mahindra Lifespace Developers Limited","MAHLIFE","P&F | F.A","-5.24%","299.05","9,16,040"
"338","Brainbees Solutions Ltd","FIRSTCRY","P&F | F.A","-5.31%","367.9","9,43,360"
"562","India Pesticides Ltd","IPL","P&F | F.A","-5.32%","133.85","4,24,331"
"720","Tracxn Technologies Ltd","TRACXN","P&F | F.A","-5.33%","52.44","9,45,582"
"209","Bajaj Healthcare Ltd","BAJAJHCARE","P&F | F.A","-5.39%","670.25","3,90,751"
"941","Ajooni Biotech Ltd","AJOONI","P&F | F.A","-5.72%","5.6","24,95,527"
"761","Indian Overseas Bank","IOB","P&F | F.A","-6.66%","38.97","4,37,36,167"
"585","TVS Supply Chain Solutions Ltd","TVSSCS","P&F | F.A","-7.31%","120.75","43,17,173"
"920","Salasar Techno Engineering Ltd","SALASAR","P&F | F.A","-9.53%","8.16","2,78,42,772"
"991","Vaxtex Cotfab Ltd","VCL","P&F | F.A","-9.72%","0.65","9,53,318"
"882","AKG Exim Ltd","AKG","P&F | F.A","-10.75%","12.46","4,88,822"
"173","Aegis Logistics Ltd","AEGISLOG","P&F | F.A","-10.76%","805.45","29,94,223"
"975","Kanani Industries Limited","KANANIIND","P&F | F.A","-16.67%","1.65","21,38,851"
"932","Ruchi Infrastructure Limited","RUCHINFRA","P&F | F.A","-17.13%","6.58","22,02,962"